('2017-04-16 15:57:16', 'Trying out @OptionAutomator Options Scanner thats in beta join the beta here: https://t.co/IRcf5fHmWP $SPY $QQQ $AAPL $NVDA $WFC $TSLA $VZ')
('2017-04-16 15:50:07'," ""RT @MacHashNews: What's the Game Plan for the Ever Aggressive Foxconn? https://t.co/KWiarOXZT0 #PatentlyApple $AAPL https://t.co/3xqoAvA30u"")"
('2017-04-16 15:49:12'," ""What's the Game Plan for the Ever Aggressive Foxconn? https://t.co/KWiarOXZT0 #PatentlyApple $AAPL https://t.co/3xqoAvA30u"")"
('2017-04-16 15:42:21', '@TradeWithMrX Nice work on them.  Might be cool to show some much older big winners. $ISRG $MSFT $AAPL. Your expâ€_ https://t.co/KMgP5FL9eW')
('2017-04-16 15:30:23', 'Code Unlock on #Apple $AAPL #iPhone #LG #Samsung #ZTE #MetroPCS #ATT #Tmobile #Cricket Save Money #unlock #Code Codeunlock')
('2017-04-16 15:27:37'," 'RT @BQInvstTraining: Seems smthing ""Snapped"" inside $SNAP CEO\'s head ""Snapchat only for the rich India too poor for it""\n$AAPL $AMZN $FB $Mâ€_')"
('2017-04-16 15:25:53', 'RT @420WeedStreet: $SPY Its almost 1am Monday in NK.. @POTUS TICK-TOCK #MOAB $SPX $QQQ $IWM $GS $CMG $BAC $AAPL $C $JPM $NFLX $SNAP $FB $DJâ€_')
('2017-04-16 15:25:11', '$SPY Its almost 1am Monday in NK.. @POTUS TICK-TOCK #MOAB $SPX $QQQ $IWM $GS $CMG $BAC $AAPL $C $JPM $NFLX $SNAPâ€_ https://t.co/rynw1d73aQ')
('2017-04-16 15:23:07', 'RT @JustinPulitzer: Weekend Review Video 4/16: $VIX $TLT $GLD $SLV $IBB $SPY $IWM $QQQ $MSFT $AAPL $AMZN $FB $NFLX $TSLA $CAT $IBM $QCOM htâ€_')
('2017-04-16 15:21:49'," 'RT @BQInvstTraining: Seems smthing ""Snapped"" inside $SNAP CEO\'s head ""Snapchat only for the rich India too poor for it""\n$AAPL $AMZN $FB $Mâ€_')"
('2017-04-16 15:21:49', 'RT @lousyjets: $cmg $NFLX $TSLA $AAPL NK leader is just as phony as USA leader. No guts..fake guys.')
('2017-04-16 15:21:49'," ""RT @finanzasmania: Apple's Project Titan: California Makes It Official https://t.co/zZM7PwvovA $AVGO $DIS $GM $GOOG $NVDA $SSNLF $TSLA $WDCâ€_"")"
('2017-04-16 15:13:12'," 'Seems smthing ""Snapped"" inside $SNAP CEO\'s head ""Snapchat only for the rich India too poor for it""\n$AAPL $AMZN $FBâ€_ https://t.co/iOJSTfNGSE')"
('2017-04-16 15:10:11', '$cmg $NFLX $TSLA $AAPL NK leader is just as phony as USA leader. No guts..fake guys.')
('2017-04-16 15:09:03', 'RT @barronsonline: Donâ€™t do it: An Apple-Disney tie-up would smack of desperation https://t.co/ZKC5Zqi014 $AAPL $DIS via @barronstechblog hâ€_')
('2017-04-16 15:05:44'," ""Apple's Project Titan: California Makes It Official https://t.co/zZM7PwvovA $AVGO $DIS $GM $GOOG $NVDA $SSNLF $TSLA $WDC $AAPL"")"
('2017-04-16 15:05:41', 'RT @ATeenTrader: XAUUSD 4hr chart with critical zones. Currently I see a bullish possibility #forex #Trading #stocks $AAPL $TWTR https://t.â€_')
('2017-04-16 15:02:35', '#Apple \nIn Consolidation Mode since we had the Weekly Shooting Star Pattern two weeks ago\n$AAPL #Trading #investingâ€_ https://t.co/FMyQChlbJ6')
('2017-04-16 15:01:03', 'Robotic &amp; AI is here.\n\nApple Inc. Is Pushing Ahead With Testing Self-Driving Cars @themotleyfool #stocks $AAPL https://t.co/hfszCyGLS3')
('2017-04-16 14:55:45', 'RT @BobbySandidge: @jaston9 @TheStreet $AAPL could buy $SNE &amp; $DIS imo should only buy $DIS w/o espn. Deal creates great direct content pâ€_')
('2017-04-16 14:53:59', '$AAPL Apple just received a permit to test self-driving cars in California. https://t.co/UPJmsKoqVu #Security #Autonomous #Cars #Finance')
('2017-04-16 14:52:05', '$AAPL Shares were down over $2 this past week and a bit expected considering how consistently higher the shares haâ€_ https://t.co/p41CjTAlsq')
('2017-04-16 14:51:01', 'Apple Trialing Self-Driving Cars in California $aapl #applenews #techrumors #technews https://t.co/9CSw6EhxAy https://t.co/lsuXfYjMt5')
('2017-04-16 14:51:01', 'Apple Trialing Self-Driving Cars in California $aapl #applenews #techrumors #technews https://t.co/NsT1GT8Pgg https://t.co/h40BuCkqLL')
('2017-04-16 14:50:21', 'RT @ATeenTrader: XAUUSD 4hr chart with critical zones. Currently I see a bullish possibility #forex #Trading #stocks $AAPL $TWTR https://t.â€_')
('2017-04-16 14:49:52', 'XAUUSD 4hr chart with critical zones. Currently I see a bullish possibility #forex #Trading #stocks $AAPL $TWTR https://t.co/q0X4LBhJVp')
('2017-04-16 14:45:17', 'Best Unlock Rate #Wholesale Unlock Code #Apple #samsung #InstantUnlock #LG #unlock #unlocking $AAPL #MasterDealer #GSM #Reseller')
('2017-04-16 14:44:23', 'RT @barronsonline: Donâ€™t do it: An Apple-Disney tie-up would smack of desperation https://t.co/ZKC5Zqi014 $AAPL $DIS via @barronstechblog hâ€_')
('2017-04-16 14:40:01', 'RT @barronsonline: Donâ€™t do it: An Apple-Disney tie-up would smack of desperation https://t.co/ZKC5Zqi014 $AAPL $DIS via @barronstechblog hâ€_')
('2017-04-16 14:33:25', 'RT @newswelldone: $NFLX $GOOGL $AAPL $FB $AMZN:\n\nThis Is The Key Test That Netflix Facebook And Apple Are Facing:\n\nhttps://t.co/jr5ujFoHSo')
('2017-04-16 14:33:04', '$NFLX $GOOGL $AAPL $FB $AMZN:\n\nThis Is The Key Test That Netflix Facebook And Apple Are Facing:\n\nhttps://t.co/jr5ujFoHSo')
('2017-04-16 14:25:30'," ""RT @NASDAQ: What Apple's efforts in creating diabetes sensors means for investors $AAPL https://t.co/pfhpuWksjB https://t.co/paijv7wNKE"")"
('2017-04-16 14:21:21', 'RT @optioncharts: $AAPL sum put vol=43469 sum call vol=60823 PutCallRatio=0.71 expiration 04/21/2017 . https://t.co/NzTBmK6FTz https://t.â€_')
('2017-04-16 14:21:20', 'RT @TSXtrad3r: Video Lesson | Level 2 Time and Sales and Tape Reading | $CALI $NADL $OCRX $CBIO $BLDP $HTGM $AUPH $NOVN $FB $AAPL https://tâ€_')
('2017-04-16 14:21:20', 'RT @TSXtrad3r: 3 Rules to Boost Your Profits | $CALI $NADL $OCRX $CBIO $BLDP $HTGM $AUPH $NOVN $FB $AAPL $SPY #investing #stocks https://t.â€_')
('2017-04-16 14:20:59', 'Imagine reading up on $Oil $AAPL $EURUSD concurrently on the same platform! https://t.co/hpDn2yz05K https://t.co/uz3K3h873n')
('2017-04-16 14:17:04', 'RT @notyourcountry: Is U.S. a Mobster Gang Out of Control #CIA Run Society? $DIS $BRK $WFC $AAPL #Buffett #Berkshire https://t.co/SHBiftLwuâ€_')
('2017-04-16 14:13:31', 'Are Apple and Amazon hinting at some turbulent markets ahead this spring? spring?https://t.co/bnF33rnxoh $AAPL $AMZN\n\nâ€” TheStreet (TheStreeâ€_')
('2017-04-16 14:10:45'," ""RT @TheStreet: The opening of Apple's new 175-acre campus dubbed the Apple Park will begin housing employees in April: https://t.co/1XsVgxâ€_"")"
('2017-04-16 14:06:20', '$AAPL sum put vol=43469 sum call vol=60823 PutCallRatio=0.71 expiration 04/21/2017 . https://t.co/NzTBmK6FTz https://t.co/OTSxFXnCKg')
('2017-04-16 14:05:46', 'Video Lesson | Level 2 Time and Sales and Tape Reading | $CALI $NADL $OCRX $CBIO $BLDP $HTGM $AUPH $NOVN $FB $AAPL https://t.co/BZuJavap0V')
('2017-04-16 14:05:12', 'RT @Investing_Books: Hedge Fund Market Wizards: How Winning Traders Win by Jack D. Schwager: https://t.co/n9IElG6tRm $SPY $AAPL $AMZN')
('2017-04-16 14:04:57', '3 Rules to Boost Your Profits | $CALI $NADL $OCRX $CBIO $BLDP $HTGM $AUPH $NOVN $FB $AAPL $SPY #investing #stocks https://t.co/KI4hbQbfc7')
('2017-04-16 14:03:56', 'Super Trader: Make Consistent Profits in Good and Bad Markets by Van Tharp: https://t.co/HFDxjCcUV6 $AAPL $DIA $SPY $SPX')
('2017-04-16 14:03:17'," ""Apple's Project Titan: California Makes It Official https://t.co/j79ujLimvo $AVGO $DIS $GM $GOOG $NVDA $SSNLF $TSLA $WDC $AAPL"")"
('2017-04-16 14:01:08', 'RT @tradewithjoe: Turning 1k into 100k - details here:\n\nhttps://t.co/upDpfLpMkH\n\n$SPY $IWM $VIX $UVXY $FB $AAPL $NFLX $BABA $PCLN $BBRY $GLâ€_')
('2017-04-16 14:00:02', 'Turning 1k into 100k - details here:\n\nhttps://t.co/upDpfLpMkH\n\n$SPY $IWM $VIX $UVXY $FB $AAPL $NFLX $BABA $PCLN $BBRY $GLD $GDX $GDXJ $USO')
('2017-04-16 13:57:20', '$FB $AMZN $GOOG $AAPL $MSFT $GPRO $NFLX $AKS quick short term analysis https://t.co/exOf4OqyC3')
('2017-04-16 13:54:06', 'RT @DanBehringer221: It looks like the iPhone 8 will be even sleeker than we thought\nhttps://t.co/ahPcROm3hW #smartphones #technology $AAPL')
('2017-04-16 13:45:01'," '2015: ""Apple joining Dow is extremely bad for Apple"" \nhttps://t.co/NfQpNV4R9Z \n\n2017: $AAPL best of DJIA +12% since\nhttps://t.co/xxr66Aliho')"
('2017-04-16 13:42:09', 'iPad 4 service replacement with iPad Air 2 not universal policy but allowed in low-stockâ€_ https://t.co/x0vDOxEoR9â€_ https://t.co/dJodcAZo6k')
('2017-04-16 13:34:44', 'Stay ahead with Nasdaq 100 news views &amp; analysis $MSFT $AAPL $GOOG https://t.co/W1OB9ZtUgi https://t.co/DvaMpCjOhT')
('2017-04-16 13:33:55', 'Hedge Fund Market Wizards: How Winning Traders Win by Jack D. Schwager: https://t.co/n9IElG6tRm $SPY $AAPL $AMZN')
('2017-04-16 13:32:52', 'RT @davidmoadel: $SPY No one is noticing this big red flag for the stock market https://t.co/PzxCeknqWK $QQQ $DIA $DJIA $IWM $TLT #stockmarâ€_')
('2017-04-16 13:29:32', '$SPY No one is noticing this big red flag for the stock market https://t.co/PzxCeknqWK $QQQ $DIA $DJIA $IWM $TLT #stockmarket #stocks $AAPL')
('2017-04-16 13:24:03', 'CityFALCON score gives top rated news for FREE #bigdata $AAPL $TSLA https://t.co/dPpKdbV6WC https://t.co/iXlha5KIwy')
('2017-04-16 13:20:45', 'RT @howlongtoretire: Talk $AAPL with us here: https://t.co/aqOcZ0ckG5')
('2017-04-16 13:20:44', 'RT @TweetQureet: Latest Twitter sentiment on $AAPL stock: https://t.co/Mi62bhEL7V')
('2017-04-16 13:15:03', 'Talk $AAPL with us here: https://t.co/aqOcZ0ckG5')
('2017-04-16 13:08:53', 'Latest Twitter sentiment on $AAPL stock: https://t.co/Mi62bhEL7V')
('2017-04-16 13:04:35', 'RT @Investing_Books: Trade Like a Stock Market Wizard: How to Achieve Super Performance in Stocks in Any Market: https://t.co/6nitPbFDkL $Sâ€_')
('2017-04-16 13:02:58', 'Does a permit to test self-driving cars hint a coming game change for $AAPL? #applenews #technews #autonews #apple https://t.co/YbagcGAFxB')
('2017-04-16 12:55:05', '#Apple secures permit to test #autonomous #cars #Lexus in #California. $AAPL #iCar ?! https://t.co/Tj4vOEcS3f')
('2017-04-16 12:52:59'," 'Appleâ€™s self-driving car permit is like ""The Emperor\'s New Invisible Clothes"" a fairy tale got a permit but no caâ€_ https://t.co/1Bo1Q9qAeg')"
('2017-04-16 12:52:10'," 'Appleâ€™s self-driving car permit is like ""The Emperor\'s New Invisible Clothes"" a fairy tale got a permit but no caâ€_ https://t.co/WjjL2w3KUM')"
('2017-04-16 12:51:50', 'RT @TSXtrad3r: Patience in #DayTrading | $NADL $NOVN $ADPT $NAK $ZIOP $CNTF $NBIX $AAPL $FB $SPY $CNAT $TWTR #investing #stocks https://t.câ€_')
('2017-04-16 12:51:19'," 'Appleâ€™s self-driving car permit is like ""The Emperor\'s New Invisible Clothes"" a fairy tale got a permit but no caâ€_ https://t.co/b6aCCzRora')"
('2017-04-16 12:51:13', 'Highest scoring stories for #SP500 under one watchlist $AAPL $WFC $XOM https://t.co/Rwpf6Sogpu&gt; https://t.co/LUXEM0vuVc')
('2017-04-16 12:50:37', 'RT @johnalunil: Apple moves another step forward with #selfdrivingcar efforts $AAPL #applenews #applecar #stocks #Finance #tech  https://t.â€_')
('2017-04-16 12:50:21'," ""RT @johnalunil: Apple's Project Titan: California Makes It Official $AAPL #ProjectTitan #applecar #applenews #Apple #stocks #Finance https:â€_"")"
('2017-04-16 12:50:16', 'RT @myhedghog: If $TWTR @jack began charging tiered pricing starting at $0.01/tweet I would:\n\n@CNBC $SPY $SPX $TSLA $AAPL #Trump #NorthKorâ€_')
('2017-04-16 12:48:46', 'Patience in #DayTrading | $NADL $NOVN $ADPT $NAK $ZIOP $CNTF $NBIX $AAPL $FB $SPY $CNAT $TWTR #investing #stocks https://t.co/ZDIa4Cd0hE')
('2017-04-16 12:47:26'," ""Apple's Project Titan: California Makes It Official - aapl | Seeking Alpha $AAPL https://t.co/fRhghJghXr"")"
('2017-04-16 12:44:26'," ""RT @johnalunil: Apple's Project Titan: California Makes It Official $AAPL #ProjectTitan #applecar #applenews #Apple #stocks #Finance https:â€_"")"
('2017-04-16 12:44:14', 'Apple moves another step forward with #selfdrivingcar efforts $AAPL #applenews #applecar #stocks #Finance #tech  https://t.co/TOfQtxEaRS')
('2017-04-16 12:40:50'," ""Apple's Project Titan: California Makes It Official $AAPL #ProjectTitan #applecar #applenews #Apple #stocks #Finance https://t.co/iRlDpJH3Ll"")"
('2017-04-16 12:33:57', 'Trade Like a Stock Market Wizard: How to Achieve Super Performance in Stocks in Any Market: https://t.co/6nitPbFDkL $SPY $AAPL #trading')
('2017-04-16 12:24:18', 'RT @brianfires: BTW Lady Gaga Rocks! $vrx $agn $myl $mrk $ko $pep $twtr $aapl $goog $amzn hlf $snap $tst $iep $cmg  https://t.co/p41g9yo51â€_')
('2017-04-16 12:23:46', 'Apple Inc. Keeps Losing Ground in China https://t.co/5a8Q4hAjSj $AAPL https://t.co/qkC85frTAQ')
('2017-04-16 12:23:42'," ""Will Apple Inc.'s OLED iPhone 8 Have the Sharpest Retina Display Yet? https://t.co/czVnuSfIxY $AAPL $SSNLF https://t.co/0r0mrgN5zb"")"
('2017-04-16 12:21:50', 'BTW Lady Gaga Rocks! $vrx $agn $myl $mrk $ko $pep $twtr $aapl $goog $amzn hlf $snap $tst $iep $cmg  https://t.co/p41g9yo51u via @youtube')
('2017-04-16 12:20:16', 'RT @Investing_Books: Panic: The Story of Modern Financial Insanity by Michael Lewis: https://t.co/6ISkPdX7hs $SPY $IWM $RUT $VIX $AAPL')
('2017-04-16 12:20:16', 'RT @myhedghog: If $TWTR @jack began charging tiered pricing starting at $0.01/tweet I would:\n\n@CNBC $SPY $SPX $TSLA $AAPL #Trump #NorthKorâ€_')
('2017-04-16 12:20:15', 'RT @SFinanciers: Apple Inc. Is Pushing Ahead With Testing Self-Driving Cars https://t.co/LeQjYuCqxa $AAPL https://t.co/E8idPNqTnB')
('2017-04-16 12:18:55', 'Panic: The Story of Modern Financial Insanity by Michael Lewis: https://t.co/6ISkPdX7hs $SPY $IWM $RUT $VIX $AAPL')
('2017-04-16 12:18:42', 'If $TWTR @jack began charging tiered pricing starting at $0.01/tweet I would:\n\n@CNBC $SPY $SPX $TSLA $AAPL #Trump #NorthKorea #CNNSOTU')
('2017-04-16 12:18:08', 'Apple Inc. Is Pushing Ahead With Testing Self-Driving Cars https://t.co/LeQjYuCqxa $AAPL https://t.co/E8idPNqTnB')
('2017-04-16 12:04:05', 'RT @ConsumerFeed: Apple Inc. $AAPL Stake Cut by Greenwood Capital Associates LLC https://t.co/8le5smycAp')
('2017-04-16 12:03:37', 'Apple Inc. $AAPL Stake Cut by Greenwood Capital Associates LLC https://t.co/8le5smycAp')
('2017-04-16 11:33:37', 'RT @jsomaney: Will we get a lot more information on $AAPL Project Titan going forward? @tim_cook https://t.co/nAEjTQ2d6N')
('2017-04-16 11:19:39', 'RT @ConsumerFeed: Apple Sees Unusually High Options Volume $AAPL https://t.co/pamyeIJuCe')
('2017-04-16 11:18:55', 'Investing for Dummies by Eric Tyson: https://t.co/wsjjE6znCC $SPY $AAPL $GOOGL $MSFT $XOM $BRK-A')
('2017-04-16 11:15:32', '#HappyEaster  and GOD BLESS YOU! RISE UP &amp; FIND GOD!\n$vrx $agn $myl $ko $twtr $hlf $brk $ko $pep $aapl $teva $googl $tst $msft $wfc $ual $fb')
('2017-04-16 11:15:24', 'Apple Sees Unusually High Options Volume $AAPL https://t.co/pamyeIJuCe')
('2017-04-16 11:11:34'," ""RT @finzine: $AAPL A Chevy Bolt Gets You There but You'll Need a Smartphone for Navigation https://t.co/8AklrXXGTw"")"
('2017-04-16 11:08:51'," ""$AAPL A Chevy Bolt Gets You There but You'll Need a Smartphone for Navigation https://t.co/8AklrXXGTw"")"
('2017-04-16 11:03:29'," ""RT @MacHashNews: Garmin's Fenix 5 smartwatch aims at athletes not Apple Watch fans https://t.co/ALDtUfXnHh #AppleInsider $AAPL https://t.câ€_"")"
('2017-04-16 11:02:18', 'RT @themotleyfool: Sure Androids outsell iPhones. But in mobile payments the $AAPL vs $GOOGL battle is playing out differently. https://tâ€_')
('2017-04-16 11:02:11'," ""Garmin's Fenix 5 smartwatch aims at athletes not Apple Watch fans https://t.co/ALDtUfXnHh #AppleInsider $AAPL https://t.co/dcFzUZz3iB"")"
('2017-04-16 10:51:23'," ""RT @Investing_Books: Liar's Poker by Michael Lewis: https://t.co/b8y3x8Enn1 $WFM $JPM $C $AAPL $TSLA $NFLX $SPY"")"
('2017-04-16 10:48:55'," ""Liar's Poker by Michael Lewis: https://t.co/b8y3x8Enn1 $WFM $JPM $C $AAPL $TSLA $NFLX $SPY"")"
('2017-04-16 10:27:11', 'RT @Focus_on_Dvds: Buying Apple Inc. (AAPL) Stock for the Dividends? Donâ€™t. $AAPL https://t.co/TKBicmiRKZ https://t.co/1J5ZoF3GVK')
('2017-04-16 10:24:00', 'Buying Apple Inc. (AAPL) Stock for the Dividends? Donâ€™t. $AAPL https://t.co/TKBicmiRKZ https://t.co/1J5ZoF3GVK')
('2017-04-16 10:11:03', 'RT @notyourcountry: Is U.S. a Mobster Gang Out of Control #CIA Run Society? $DIS $BRK $WFC $AAPL #Buffett #Berkshire https://t.co/SHBiftLwuâ€_')
('2017-04-16 10:10:43'," ""RT @StockTwits: The 3 BEST performing stocks in the Dow this year\n\n$AAPL +29%\n$BA +25%\n$JPM +23%\n\nHere's the full list: https://t.co/R9bedaâ€_"")"
('2017-04-16 10:07:05', 'Is U.S. a Mobster Gang Out of Control #CIA Run Society? $DIS $BRK $WFC $AAPL #Buffett #Berkshireâ€_ https://t.co/sbMYMXT7kZ')
('2017-04-16 09:50:52', 'RT @Investing_Books: How to Day Trade Stocks for Profit by Harvey Walsh: https://t.co/8blKvU48MG $SPY $AAPL $SPX $GOOGL $AMZN $NFLX $TSLA')
('2017-04-16 09:50:52', 'RT @dailypoliticaln: Apple Inc. $AAPL Stake Increased by Azimuth Capital Management LLC https://t.co/OuCzjoCYfT')
('2017-04-16 09:49:20', 'How to Day Trade Stocks for Profit by Harvey Walsh: https://t.co/8blKvU48MG $SPY $AAPL $SPX $GOOGL $AMZN $NFLX $TSLA')
('2017-04-16 09:48:30', 'RT @DanBehringer221: It looks like the iPhone 8 will be even sleeker than we thought\nhttps://t.co/ahPcROm3hW #smartphones #technology $AAPL')
('2017-04-16 09:41:05', 'Sunday lazy tweet\n1) $MSFT $AAPL $GOOGL $AMZN = #MAGA\n2) $FB is for wimps\n3) #BlackMirror is way too mainstream even #SamuraiJack is better')
('2017-04-16 09:39:17', 'Nations Financial Group Inc. IA ADV Sells 3240 Shares of Apple Inc. $AAPL https://t.co/KKR8DcGmrO')
('2017-04-16 09:38:08', 'Apple Inc. $AAPL is Ally Financial Inc.â€™s 5th Largest Position https://t.co/4FTBK2sZPQ')
('2017-04-16 09:37:23', 'Apple Inc. $AAPL Stake Increased by Azimuth Capital Management LLC https://t.co/3Dsolzyop6')
('2017-04-16 09:37:22', 'Noven Financial Group Inc. Raises Stake in Apple Inc. $AAPL https://t.co/pPtkZ7Zghe')
('2017-04-16 09:36:19', 'Apple Inc. $AAPL is Ally Financial Inc.â€™s 5th Largest Position https://t.co/9HVwSM4PR2')
('2017-04-16 09:35:41', 'Noven Financial Group Inc. Raises Stake in Apple Inc. $AAPL https://t.co/um8pvmjaxf')
('2017-04-16 09:35:38', 'Apple Inc. $AAPL Stake Increased by Azimuth Capital Management LLC https://t.co/OuCzjoCYfT')
('2017-04-16 09:34:46'," 'RT @BoardCentral: $AAPL ""$AAPL"" on ADFN InvestorsHub message boards: https://t.co/4v9kkZQ6uX')"
('2017-04-16 09:34:46', 'RT @mbp212016: Apple Inc. $AAPL Stock Live Analysis 12-12-2016 #share\n https://t.co/Xc8kgUgNAB')
('2017-04-16 09:32:48', 'It looks like the iPhone 8 will be even sleeker than we thought\nhttps://t.co/ahPcROm3hW #smartphones #technology $AAPL')
('2017-04-16 09:30:36'," '$AAPL ""$AAPL"" on ADFN InvestorsHub message boards: https://t.co/4v9kkZQ6uX')"
('2017-04-16 09:30:33', 'Apple Inc. $AAPL Stock Live Analysis 12-12-2016 #share\n https://t.co/Xc8kgUgNAB')
('2017-04-16 09:02:24', 'RT @janekwagner: How Would An Apple-Disney Merger Make Any Sense? https://t.co/9W5ey0VHKy $DIS $NFLX $AAPL')
('2017-04-16 09:01:05', 'How Would An Apple-Disney Merger Make Any Sense? https://t.co/9W5ey0VHKy $DIS $NFLX $AAPL')
('2017-04-16 08:50:18', 'RT @Investing_Books: Common Stocks and Common Sense by Edgar Wachenheim III: https://t.co/wMtuYxOJ9D $AAPL $GS $PEP $ADM $INGR')
('2017-04-16 08:48:55', 'Common Stocks and Common Sense by Edgar Wachenheim III: https://t.co/wMtuYxOJ9D $AAPL $GS $PEP $ADM $INGR')
('2017-04-16 08:22:03', 'RT @brianfires: Is there a short thesis!  Always looking for for a thesis! $vrx $agn $myl $mrk $twtr $ko $pep $brk $jpm $aapl $googl $tslaâ€_')
('2017-04-16 08:18:56', 'Is there a short thesis!  Always looking for for a thesis! $vrx $agn $myl $mrk $twtr $ko $pep $brk $jpm $aaplâ€_ https://t.co/MlyYQuln2j')
('2017-04-16 08:05:53', 'RT @Investing_Books: The Bible of Options Strategies by Guy Cohen: https://t.co/1bff36a9y4 #options #trading $SPY $VIX $AMZN $GOOGL $IBM $Aâ€_')
('2017-04-16 08:03:56', 'The Bible of Options Strategies by Guy Cohen: https://t.co/1bff36a9y4 #options #trading $SPY $VIX $AMZN $GOOGL $IBM $AAPL')
('2017-04-16 07:49:45', 'RT @SleekMoneycom: Apple Sees Unusually High Options Volume $AAPL https://t.co/lCzmtkqIE6')
('2017-04-16 07:49:45'," ""RT @Investing_Books: Jim Cramer's Getting Back to Even: https://t.co/mxHM4LvCJs #jimcramer $AAPL $FDX $KO $PEP $PG $LVS $F $GM $C"")"
('2017-04-16 07:49:13', 'Apple Sees Unusually High Options Volume $AAPL https://t.co/lCzmtkqIE6')
('2017-04-16 07:48:55'," ""Jim Cramer's Getting Back to Even: https://t.co/mxHM4LvCJs #jimcramer $AAPL $FDX $KO $PEP $PG $LVS $F $GM $C"")"
('2017-04-16 07:47:01', 'Track curated news and tweets for multiple tickers - US Tech Giants https://t.co/J74uV6qAnD $AAPL $GOOGL $MSFT $FB')
('2017-04-16 07:44:41', 'Screen through high rated articles for US Tech Kings at once $AAPL $GOOG $FB https://t.co/l3Lv2AAjzE https://t.co/cuIeWFyF7p')
('2017-04-16 07:16:07', 'RT @Sandro_power: $SPY $AAPL $TSLA for those who has missed this great detailed report plus I will be posting some bearish plans  https://â€_')
('2017-04-16 07:15:53', 'RT @Sandro_power: $SPY $STUDY  $AMZN $AAPL $TSLA video explains the facts      https://t.co/HPNgci8tL4')
('2017-04-16 07:01:19'," ""RT @6742alex: Apple's Project Titan: California Makes It Official https://t.co/7LQOgzwQ9r $AVGO $DIS $GM $GOOG $NVDA $SSNLF $TSLA $WDC $AAPL"")"
('2017-04-16 06:59:24'," ""Apple's Project Titan: California Makes It Official https://t.co/7LQOgzwQ9r $AVGO $DIS $GM $GOOG $NVDA $SSNLF $TSLA $WDC $AAPL"")"
('2017-04-16 06:53:15', 'RT @Games_cloud: PLACEMENT: $AAPL $NFLX Investing #stocks #admiralmarkets https://t.co/hl1jLHBc9R')
('2017-04-16 06:51:08', 'PLACEMENT: $AAPL $NFLX Investing #stocks #admiralmarkets https://t.co/hl1jLHBc9R')
('2017-04-16 06:35:10', 'RT @JustinPulitzer: Weekend Review Video 4/16: $VIX $TLT $GLD $SLV $IBB $SPY $IWM $QQQ $MSFT $AAPL $AMZN $FB $NFLX $TSLA $CAT $IBM $QCOM htâ€_')
('2017-04-16 06:24:11', 'RT @Investing_Books: Stock Market Investing for Beginners: Essentials to Start Investing Successfully: https://t.co/wgAmBtKYPS $SPY $AAPL $â€_')
('2017-04-16 06:07:52', 'RT @Investing_Books: Stock Market Investing for Beginners: Essentials to Start Investing Successfully: https://t.co/wgAmBtKYPS $SPY $AAPL $â€_')
('2017-04-16 06:07:50', 'RT @TCBFx: The Closing Bell is out! https://t.co/6bmSS2X6ci $EURUSD $GBPUSD $USDJPY $AUDUSD $SPY $TWTR $GPRO $YHOO $LNKD $FB $AAPL $BRD $CAâ€_')
('2017-04-16 06:04:48', 'RT @Investing_Books: Stock Market Investing for Beginners: Essentials to Start Investing Successfully: https://t.co/wgAmBtKYPS $SPY $AAPL $â€_')
('2017-04-16 06:00:53'," ""Apple's Project Titan: California Makes It Official...\nhttps://t.co/2rMkqbcqyC $AAPL $AVGO $DIS $GM $GOOG $NVDA $SSNLF"
('2017-04-16 05:54:49', 'RT @JustinPulitzer: Weekend Review Video 4/16: $VIX $TLT $GLD $SLV $IBB $SPY $IWM $QQQ $MSFT $AAPL $AMZN $FB $NFLX $TSLA $CAT $IBM $QCOM htâ€_')
('2017-04-16 05:52:51'," 'RT @talesftf: $AAPL Said to Near Road Tests of Self-Driving Car Software - ""29 other companies have autonomous vehicle testing..."" https://â€_')"
('2017-04-16 05:52:09', 'Time to talk Apple-Disney merger again $AAPL $DIS https://t.co/F3J5CAWQr6')
('2017-04-16 05:50:17', '#Apple in pursuit of car dominance. \n\n#TimCook $AAPL $XLK $QQQ $NVDA $SOXX \nhttps://t.co/v384psSh51')
('2017-04-16 05:48:55', 'Stock Market Investing for Beginners: Essentials to Start Investing Successfully: https://t.co/wgAmBtKYPS $SPY $AAPL $MSFT $BABA #investing')
('2017-04-16 05:48:38', 'RT @TCBFx: The Closing Bell is out! https://t.co/6bmSS2X6ci $EURUSD $GBPUSD $USDJPY $AUDUSD $SPY $TWTR $GPRO $YHOO $LNKD $FB $AAPL $BRD $CAâ€_')
('2017-04-16 05:48:38', 'RT @mktearlybird: EarlyBird SmartTrack $AAPL @SCMP_News wrote : Tencent 2016 tech executive pay surpasses Apple IBM     #Trading https://tâ€_')
('2017-04-16 05:48:38'," 'RT @talesftf: $AAPL Said to Near Road Tests of Self-Driving Car Software - ""29 other companies have autonomous vehicle testing..."" https://â€_')"
('2017-04-16 05:33:19', 'RT @JustinPulitzer: Weekend Review Video 4/16: $VIX $TLT $GLD $SLV $IBB $SPY $IWM $QQQ $MSFT $AAPL $AMZN $FB $NFLX $TSLA $CAT $IBM $QCOM htâ€_')
('2017-04-16 05:28:03', 'Are you Bullish or Bearish on #Apple? Start #Trading $AAPL with #Bitcoin. 15:1 Leverage. #Cool #Gif #Stocksâ€_ https://t.co/IcHgqAjrZr')
('2017-04-16 05:26:13', 'The Closing Bell is out! https://t.co/6bmSS2X6ci $EURUSD $GBPUSD $USDJPY $AUDUSD $SPY $TWTR $GPRO $YHOO $LNKD $FB $AAPL $BRD $CAT $WLT $LNKD')
('2017-04-16 05:23:49', 'Track curated news and tweets for multiple tickers - US Tech Giants https://t.co/J74uV6qAnD $AAPL $GOOG $MSFT $FB')
('2017-04-16 05:20:05', 'EarlyBird SmartTrack $AAPL @SCMP_News wrote : Tencent 2016 tech executive pay surpasses Apple IBM     #Trading https://t.co/1liMXeP9Pw')
('2017-04-16 05:18:27'," '$AAPL Said to Near Road Tests of Self-Driving Car Software - ""29 other companies have autonomous vehicle testing..."" https://t.co/svVwNJwL3j')"
('2017-04-16 05:16:15', 'RT @News_Screamer: Apple iPhone 5S Silver 64GB Unlocked Smartphone (Certified Refurbished) https://t.co/JOucB6U2so $AAPL #apple #iphone5s')
('2017-04-16 05:09:18', 'Apple iPhone 5S Silver 64GB Unlocked Smartphone (Certified Refurbished) https://t.co/JOucB6U2so $AAPL #apple #iphone5s')
('2017-04-16 05:04:08', 'RT @NewsToDesk: $AAPL $GM $NVDA:\n\nAppleâ€™s Project Titan: California Makes It Official:\n\nhttps://t.co/XFYVemuEPZ')
('2017-04-16 05:03:01', 'â_¡ï¸è â€œCam Newton is in full bloom at #Coachellaâ€ù\nhttps://t.co/QGHhNfAtiM Vista Partners https://t.co/1x6MLaGp0d #nfl #investInGreat $DIS $AAPL')
('2017-04-16 05:00:27', 'CityFALCON score gives top rated news for FREE #bigdata $AAPL $TSLA https://t.co/dPpKdbV6WC https://t.co/3bXV5Od2nd')
('2017-04-16 04:53:21'," ""Apple's Project Titan: California Makes It Official https://t.co/hgnGnZZsiu $AVGO $DIS $GM $GOOG $NVDA $SSNLF $TSLA $WDC $AAPL"")"
('2017-04-16 04:50:19'," ""Apple's Project Titan: California Makes It Official https://t.co/PG49mZQFkU $AVGO $DIS $GM $GOOG $NVDA $SSNLF $TSLA $WDC $AAPL"")"
('2017-04-16 04:48:01', '$AAPL $GM $NVDA:\n\nAppleâ€™s Project Titan: California Makes It Official:\n\nhttps://t.co/XFYVemuEPZ')
('2017-04-16 04:47:57'," ""RT @SAlphaTech: Apple's Project Titan: California Makes It Official https://t.co/ywY5Mm10oG $AVGO $DIS $GM $GOOG $NVDA $SSNLF $TSLA $WDC $Aâ€_"")"
('2017-04-16 04:47:57'," ""RT @SeekingAlpha: Apple's Project Titan: California Makes It Official https://t.co/F8ZdLCscxV $AVGO $DIS $GM $GOOG $NVDA $SSNLF $TSLA $WDCâ€_"")"
('2017-04-16 04:47:57'," 'RT @option_snipper: Funny to see lots of ""chartists"" make judgment ONLY based on DAILY charts... check weekly &amp; monthly w/ BOLL $TSLA $CMGâ€_')"
('2017-04-16 04:45:55'," ""Apple's Project Titan: California Makes It Official https://t.co/ywY5Mm10oG $AVGO $DIS $GM $GOOG $NVDA $SSNLF $TSLA $WDC $AAPL"")"
('2017-04-16 04:45:54'," ""Apple's Project Titan: California Makes It Official https://t.co/F8ZdLCscxV $AVGO $DIS $GM $GOOG $NVDA $SSNLF $TSLA $WDC $AAPL"")"
('2017-04-16 04:43:42'," 'Funny to see lots of ""chartists"" make judgment ONLY based on DAILY charts... check weekly &amp; monthly w/ BOLL $TSLA $CMG $FB $NFLX $AAPL $AMZN')"
('2017-04-16 04:22:58', 'RT @HITpol: $AAPL and Google \nThe next big #pharma \nby @JohnNosta in @forbes\n\nhttps://t.co/x58k83nONp')
('2017-04-16 04:21:47', 'RT @JustinPulitzer: Weekend Review Video 4/16: $VIX $TLT $GLD $SLV $IBB $SPY $IWM $QQQ $MSFT $AAPL $AMZN $FB $NFLX $TSLA $CAT $IBM $QCOM htâ€_')
('2017-04-16 04:18:53', 'RT @cheddar: Steve Jobsâ€™ secret final project: Treating diabetes with wearable tech. #CheddarLIVE $AAPL https://t.co/qoGmBCccO4')
('2017-04-16 04:07:35', 'RT @JustinPulitzer: Weekend Review Video 4/16: $VIX $TLT $GLD $SLV $IBB $SPY $IWM $QQQ $MSFT $AAPL $AMZN $FB $NFLX $TSLA $CAT $IBM $QCOM htâ€_')
('2017-04-16 04:03:29', 'RT @ConsumerFeed: Zacks: Analysts Anticipate Apple Inc. $AAPL Will Announce Earnings of $2.01 Per Share https://t.co/5UWvsbjhv2')
('2017-04-16 03:59:46'," ""RT @SaadBinHamad: New Top Tweet! It's Going Down? $AGN $MYL $VRX $TWTR $AAPL $SPY $HLF $IEP $MYL $AMZN $BRK $IBM $JNJ $CMS $SRPT $KO $PEP $â€_"")"
('2017-04-16 03:55:09', 'Market top ironically $SNAP 2400 IPO $XLK $VGT $AAPL $TSLA $NFLX $GOOG $AMZN $FB $TWTR Free Daily Trade LIVE Stream: https://t.co/DrcI6XSmxt')
('2017-04-16 03:53:17', 'Why access a ticker when you can access a group of tickers - US Tech Giants https://t.co/J74uV6qAnD $AAPL $GOOG $MSFT $FB')
('2017-04-16 03:49:18', 'Zacks: Analysts Anticipate Apple Inc. $AAPL Will Announce Earnings of $2.01 Per Share https://t.co/5UWvsbjhv2')
('2017-04-16 03:47:21'," ""RT @703trader: $AAPL or $SSNLF have the first 'case recommended' phone?"")"
('2017-04-16 03:47:05', '$KO $AAPL:\n\nStill Not Buying Under Armour And Itâ€™s NOT About Valuation:\n\nhttps://t.co/g0MbmlOd3q')
('2017-04-16 03:40:05', 'RT @420WeedStreet: $SPY $ES_F $SPX $QQQ $IWM $GS $CMG $BAC $AAPL $BABA $C $JPM $NFLX  $BIDU $SNAP $FB $DJI $DJIA $USO $VIX $UVXY $PCLN httpâ€_')
('2017-04-16 03:39:17', 'RT @420WeedStreet: $SPY $ES_F $SPX $QQQ $IWM $GS $CMG $BAC $AAPL $BABA $C $JPM $NFLX  $BIDU $SNAP $FB $DJI $DJIA $USO $VIX $UVXY $PCLN httpâ€_')
('2017-04-16 03:35:34', '$SPY $ES_F $SPX $QQQ $IWM $GS $CMG $BAC $AAPL $BABA $C $JPM $NFLX  $BIDU $SNAP $FB $DJI $DJIA $USO $VIX $UVXY $PCLN https://t.co/5A9EMRYInI')
('2017-04-16 03:34:02'," ""$AAPL or $SSNLF have the first 'case recommended' phone?"")"
('2017-04-16 03:27:11', 'RT @JustinPulitzer: Weekend Review Video 4/16: $VIX $TLT $GLD $SLV $IBB $SPY $IWM $QQQ $MSFT $AAPL $AMZN $FB $NFLX $TSLA $CAT $IBM $QCOM htâ€_')
('2017-04-16 03:25:30', '@JonGuirl @LMT978 @traderphoebe Yeah; I have a position in $AAPL. Its p/e is 17; NOT 180!')
('2017-04-16 03:21:04', '#Apple gets permit to test #autonomous #cars in\xa0#California. $AAPL \nhttps://t.co/n60TDvB7q9 https://t.co/3mpBbBhi9U')
('2017-04-16 03:20:23', 'Weekend Review Video 4/16: $VIX $TLT $GLD $SLV $IBB $SPY $IWM $QQQ $MSFT $AAPL $AMZN $FB $NFLX $TSLA $CAT $IBM $QCOM https://t.co/Fpiq7YVYnb')
('2017-04-16 03:16:07', '@hernan70513 thanks for follow! All the best from #SanFrancisco! See Vista Partners #MarketNews #beyondâ€_ https://t.co/YEG8pXE1Ew')
('2017-04-16 03:15:02', 'RT @WKRBNews: Zacks: Brokerages Anticipate Apple Inc. $AAPL Will Post Quarterly Sales of $52.61 Billion https://t.co/JCdPJlldJ0')
('2017-04-16 03:07:26', 'RT @420WeedStreet: $SPY Oh boy!!  $SPX $QQQ $IWM $GS $CMG $BAC $AAPL $BABA $C $JPM $NFLX  $BIDU $SNAP $FB $DJI $DJIA $USO $VIX $UVXY $ httpâ€_')
('2017-04-16 03:03:55', 'The Little Book of Stock Market Profits: The Best Strategies of All Time Made Even Better: https://t.co/Txl0ckYyiH $AAPL $SPY $DIA $IBM')
('2017-04-16 03:03:16', 'Zacks: Brokerages Anticipate Apple Inc. $AAPL Will Post Quarterly Sales of $52.61 Billion https://t.co/JCdPJlldJ0')
('2017-04-16 03:02:53', 'RT @WKRBNews: Zacks: Brokerages Anticipate Apple Inc. $AAPL Will Post Quarterly Sales of $52.61 Billion https://t.co/xd5Am2jwPk')
('2017-04-16 03:01:24'," 'RT @jonsteinberg: .@cheddar 1st interview with $AAPL @Apple executive VP Lisa Jackson: ""Why Social Initiatives Are Good for Profits"" https:â€_')"
('2017-04-16 02:59:44', 'Apple moves another step forward with self-driving car efforts $AAPL $GOOG $GOOGL $TSLA $UBER $GM https://t.co/mPyTB7ege9')
('2017-04-16 02:55:11', 'Zacks: Brokerages Anticipate Apple Inc. $AAPL Will Post Quarterly Sales of $52.61 Billion https://t.co/8UuoJDt5Kf')
('2017-04-16 02:52:23', 'Zacks: Brokerages Anticipate Apple Inc. $AAPL Will Post Quarterly Sales of $52.61 Billion https://t.co/xd5Am2jwPk')
('2017-04-16 02:47:28', '$AAPL #iPhone 8: New Patent Suggests That The #Apple Phone Will Float https://t.co/CHYJ2bNkPg $SPY $DIA #stockmarket #stocks #investing $QQQ')
('2017-04-16 02:47:19', 'RT @arnabch01: #AI #BigData #cloud #IoT to create&gt;5tr$ marketcap by 2025 +ve #ROCE fr $AAPL $GOOG $MSFT $ORCL $CSCO $AMZN $GE $IBM https://â€_')
('2017-04-16 02:46:43', 'RT @optioncharts: $AAPL high open interest range is 140.00 to 140.00 for option expiration 04/21/2017. https://t.co/AOwn1Xpz1g https://t.coâ€_')
('2017-04-16 02:30:33', 'RT @420WeedStreet: $SPY Oh boy!!  $SPX $QQQ $IWM $GS $CMG $BAC $AAPL $BABA $C $JPM $NFLX  $BIDU $SNAP $FB $DJI $DJIA $USO $VIX $UVXY $ httpâ€_')
('2017-04-16 02:29:33', '$AAPL high open interest range is 140.00 to 140.00 for option expiration 04/21/2017. https://t.co/AOwn1Xpz1g https://t.co/a9JHYvufA9')
('2017-04-16 02:27:19', 'RT @biospace: Tech Giant Apple $AAPL Hires Secret Team of Biomedical Engineers for Treating Diabetes https://t.co/FeOopTwM6o https://t.co/7â€_')
('2017-04-16 02:27:00', '$SPY Oh boy!!  $SPX $QQQ $IWM $GS $CMG $BAC $AAPL $BABA $C $JPM $NFLX  $BIDU $SNAP $FB $DJI $DJIA $USO $VIX $UVXY $ https://t.co/NxMdeKlM0L')
('2017-04-16 02:26:29'," ""RT @4skinmodel: 2 Reasons Why Apple Isn't Buying Disney @themotleyfool #stocks $AAPL $DIS https://t.co/Wb9U7eZs1t"")"
('2017-04-16 02:24:15', '#Christoph Trappe for the follow #CLOUDUNLOCK Check Out #Apple #iCloud #iPhone $AAPL for #unlock #code https://t.co/sFE120Bm7R')
('2017-04-16 02:21:04', 'RT @InvestShark: Analysts tripping over themselves to be the first to reverse back to $AAPL bull. They right? https://t.co/busyhxZLeN httpsâ€_')
('2017-04-16 02:21:02', 'RT @andrewnyquist: $AAPL - Apple is overheated (i.e. room to back and fill) but broader trend bullish. 40 week MA h/t @snyder_karl. https:/â€_')
('2017-04-16 02:20:51'," ""2 Reasons Why Apple Isn't Buying Disney @themotleyfool #stocks $AAPL $DIS https://t.co/Wb9U7eZs1t"")"
('2017-04-16 02:18:25', 'RT @MagnoliaG2012: Apple Buying Disney? Merging 2 Overpriced Giants https://t.co/vA83sybTIJ $AAPL $DIS')
('2017-04-16 02:16:58', 'RT @biospace: Tech Giant Apple $AAPL Hires Secret Team of Biomedical Engineers for Treating Diabetes https://t.co/FeOopTwM6o https://t.co/7â€_')
('2017-04-16 02:15:37', 'Apple Buying Disney? Merging 2 Overpriced Giants https://t.co/vA83sybTIJ $AAPL $DIS')
('2017-04-16 02:07:08', 'Transaction costs for trading $AAPL with brokers min: 0.039% max: 0.254% difference: 6.0x https://t.co/RNG1SaolYy')
('2017-04-16 02:02:14', 'RT @MagnoliaG2012: Apple moves another step forward with self-driving car efforts https://t.co/zPANv08DVD $AAPL $GOOG $GOOGL $TSLA')
('2017-04-16 02:01:57'," ""@Nicole1515 Why doesn't $aapl buy $twtr #appleID is your #twitter ID natural market connect $twtr and #iTunes buy direct from a tweet"")"
('2017-04-16 02:00:05', 'Apple moves another step forward with self-driving car efforts https://t.co/zPANv08DVD $AAPL $GOOG $GOOGL $TSLA')
('2017-04-16 01:44:52', 'RT @ExactOptionPick: Lack of trading ideas is the top complaint of new option traders.\n\nhttps://t.co/78FVQDKYyw\n$AAPL $NFLX $AMZN $GOOGL $Bâ€_')
('2017-04-16 01:44:52', 'RT @ExactOptionPick: Lack of trading ideas is the top complaint of new option traders.\n\nhttps://t.co/78FVQDKYyw\n$AAPL $NFLX $AMZN $GOOGL $Bâ€_')
('2017-04-16 01:44:52', 'Hereâ€™s how Wall Street is sharing its secrets https://t.co/9vMRcc8nok via @business\n\n$GS $XLF $JPM $BAC $AAPL $MSFT $AMZN $NFLX $GOOGL')
('2017-04-16 01:44:45', 'Lack of trading ideas is the top complaint of new option traders.\n\nhttps://t.co/78FVQDKYyw\n$AAPL $NFLX $AMZN $GOOGL $BABA  $WYNN $NVDA $PCLN')
('2017-04-16 01:42:38', 'Screen through high rated articles for US Tech Kings at once $AAPL $GOOG $FB https://t.co/l3Lv2AAjzE https://t.co/jLumeKlDPD')
('2017-04-16 01:38:02', 'RT @420WeedStreet: $SPY BOMBS AWAY!! $SPX $QQQ $IWM $GS $CMG $BAC $AAPL $BABA $C $JPM $NFLX  $BIDU $SNAP $FB $DJI $DJIA $USO $VIX $UVXY httâ€_')
('2017-04-16 01:36:57', '$SPY BOMBS AWAY!! $SPX $QQQ $IWM $GS $CMG $BAC $AAPL $BABA $C $JPM $NFLX  $BIDU $SNAP $FB $DJI $DJIA $USO $VIX $UVXY https://t.co/d5dLbLyAdC')
('2017-04-16 01:32:25'," ""#stocks #StockMarket Lots interesting talk bout $AAPL buy/merging with $DIS. Jobs trusts' hold &lt; 5% but connections R there? could happen? _Ÿ_‘"")"
('2017-04-16 01:25:54'," 'RT @rimisback: Appleâ€™s self-driving car permit is like ""The Emperor\'s New Invisible Clothes"" a fairy tale. Car is invisible but there isâ€_')"
('2017-04-16 01:18:41'," 'Appleâ€™s self-driving car permit is like ""The Emperor\'s New Invisible Clothes"" a fairy tale got a permit but no xaâ€_ https://t.co/HFUOAteZ3H')"
('2017-04-16 01:17:39'," 'Appleâ€™s self-driving car permit is like ""The Emperor\'s New Invisible Clothes"" a fairy tale. Car is invisible butâ€_ https://t.co/jeHV4XNqaq')"
('2017-04-16 01:13:48', 'RT @MobilePotpurri: Looks like #Apple is considering big stake in $Toshiba chip biz - https://t.co/OfO99jOTlU $AAPL $GOOG #Samsung')
('2017-04-16 01:13:18', 'RT @TheStreet: Could Apple buy Disney? https://t.co/WofdEHg8Z2 $AAPL $DIS https://t.co/sYRaqJjmiY')
('2017-04-16 01:13:17', '$AAPL broke 130 and has been going down around $0.10 a day in $0.02 increments.')
('2017-04-16 01:10:15', '@jaston9 @TheStreet $AAPL could buy $SNE &amp; $DIS imo should only buy $DIS w/o espn. Deal creates great direct contâ€_ https://t.co/mGjsq0hGUV')
('2017-04-16 01:03:56'," ""Investing in Your 20's and 30's for Dummies: https://t.co/9LLcqh1LiS #stocks #investing $FB $GE $AMZN $AAPL"")"
('2017-04-16 01:02:07', 'Looks like #Apple is considering big stake in $Toshiba chip biz - https://t.co/OfO99jOTlU $AAPL $GOOG #Samsung')
('2017-04-16 00:57:38', 'RT @MobilePotpurri: $GM aims to have 300 more #SelfDrivingCar #ChevyBolts on the road  - https://t.co/9DOR7tOKkt $F $TSLA $UBER $AAPL #Aâ€_htâ€_')
('2017-04-16 00:57:15', '$GM aims to have 300 more #SelfDrivingCar #ChevyBolts on the road  - https://t.co/9DOR7tOKkt $F $TSLA $UBER $AAPL #Aâ€_https://t.co/2yu2wVfBi4')
('2017-04-16 00:49:33', 'RT @Focus_on_Dvds: Buying Apple Inc. (AAPL) Stock for the Dividends? Donâ€™t. $AAPL https://t.co/hM88ZpbZth https://t.co/ZDKWuzU41o')
('2017-04-16 00:47:50', 'Blackberry Bridge and Blend had these features over a decade ago..... $BBRY @BlackBerry  $MSFT $AAPL @Samsungâ€_ https://t.co/bIzGdR2MLu')
('2017-04-16 00:47:01', 'Buying Apple Inc. (AAPL) Stock for the Dividends? Donâ€™t. $AAPL https://t.co/hM88ZpbZth https://t.co/ZDKWuzU41o')
('2017-04-16 00:45:30', 'RT @420WeedStreet: $SPY No further comments. Now ACTIONS? $SPX $QQQ $IWM $GS $CMG $BAC $AAPL $BABA $C $JPM $NFLX  $BIDU $SNAP $FB $DJI $DJIâ€_')
('2017-04-16 00:25:16', 'RT @kenluskin1: $AAPL UPDATED April 15 2017 : TSMC sees 8-9% decline in Q2 from Mobile https://t.co/kXybumwUlw https://t.co/RYEOqlRWvt')
('2017-04-16 00:24:03', '$AAPL UPDATED April 15 2017 : TSMC sees 8-9% decline in Q2 from Mobile https://t.co/kXybumwUlw https://t.co/RYEOqlRWvt')
('2017-04-16 00:10:28', '@ThePitBoss16 @astruzynski @HeidsterTrades @TradersCom $AAPL Looks like a rollover in the Making... https://t.co/HmUgfdaKvG')
('2017-04-16 00:03:03', 'RT @DayTradeWarrior: Creating A Day Trading Course #WarriorTrading | New Blog: https://t.co/5x3qMDS33H | #DayTrader #SwingTrader #Educationâ€_')
('2017-04-15 23:56:58', 'RT @420WeedStreet: $SPY Attempt made by NK @POTUS turn! $SPX $QQQ $IWM $GS $CMG $BAC $AAPL $BABA $C $JPM $NFLX  $BIDU $SNAP $FB $DJI $DJIAâ€_')
('2017-04-15 23:54:46', '$SPY Attempt made by NK @POTUS turn! $SPX $QQQ $IWM $GS $CMG $BAC $AAPL $BABA $C $JPM $NFLX  $BIDU $SNAP $FB $DJIâ€_ https://t.co/GDTWwo1KFy')
('2017-04-15 23:52:55', 'RT @newswelldone: $AAPL:\n\nApple Inc. Is Pushing Ahead With Testing Self-Driving Cars:\n\nhttps://t.co/RIEZlgPNPS')
('2017-04-15 23:51:01', '$AAPL:\n\nApple Inc. Is Pushing Ahead With Testing Self-Driving Cars:\n\nhttps://t.co/RIEZlgPNPS')
('2017-04-15 23:48:52', 'RT @LiuOfWallStreet: $TSLA $SINA $JPM $WFC $GOOG $F $MDXG $CMG $WLL $DVN $CUDA $X $TMUS $AMZN $HNR $C $AGU $NE $AAPL Free LIVE daytrades htâ€_')
('2017-04-15 23:47:41', 'RT @Covestor: The Long Term Value portfolio managed by @wallst_wizz on Covestor is long $BRK/B $RAD and $AAPL. Learn more: https://t.co/B7râ€_')
('2017-04-15 23:46:35', 'RT @barronsonline: Donâ€™t do it: An Apple-Disney tie-up would smack of desperation https://t.co/ZKC5Zqi014 $AAPL $DIS via @barronstechblog hâ€_')
('2017-04-15 23:44:53', '$TSLA $SINA $JPM $WFC $GOOG $F $MDXG $CMG $WLL $DVN $CUDA $X $TMUS $AMZN $HNR $C $AGU $NE $AAPL Free LIVE daytrades https://t.co/u1zkI5xxK6')
('2017-04-15 23:32:42'," 'RT @420WeedStreet: $SPY @POTUS ""North Korea is a problem &amp; Will B dealt w/"" $SPX $QQQ $IWM $GS $CMG $BAC $AAPL $C $JPM $NFLX $SNAP $FB $DJIâ€_')"
('2017-04-15 23:27:44'," '$SPY @POTUS ""North Korea is a problem &amp; Will B dealt w/"" $SPX $QQQ $IWM $GS $CMG $BAC $AAPL $C $JPM $NFLX $SNAP $FBâ€_ https://t.co/N9PxeoVjUE')"
('2017-04-15 23:15:38', 'CityFALCON score gives top rated news for FREE #bigdata $AAPL $TSLA https://t.co/dPpKdbV6WC https://t.co/x1bYYjssph')
('2017-04-15 23:08:29', 'RT @420WeedStreet: $SPY @POTUS Time 4 #MOAB BOMBS AWAY? $SPX $QQQ $IWM $GS $CMG $BAC $AAPL $BABA $C $JPM $NFLX  $BIDU $SNAP $FB $DJI $DJIAâ€_')
('2017-04-15 23:08:29', 'RT @Investing_Books: The Options Edge by Michael Khouw: https://t.co/pBPwt6iYHn $SPY $AAPL $AMZN $NFLX $PCLN $VIX')
('2017-04-15 23:08:29', 'RT @jjjinvesting: Exxon Mobil - Hold Or Fold? https://t.co/eE1wLZ67f9 $AAPL $MSFT $AMZN $XOM')
('2017-04-15 23:06:52'," ""RT @420WeedStreet: $SPY Hmmm What's on the agenda?$SPX $QQQ $IWM $GS $CMG $BAC $AAPL $BABA $C $JPM $NFLX  $BIDU $SNAP $FB $DJI $DJIA $USO $â€_"")"
('2017-04-15 23:06:32', '$SPY @POTUS Time 4 #MOAB BOMBS AWAY? $SPX $QQQ $IWM $GS $CMG $BAC $AAPL $BABA $C $JPM $NFLX  $BIDU $SNAP $FB $DJIâ€_ https://t.co/KPpcKrAopt')
('2017-04-15 22:56:22', 'RT @420WeedStreet: $SPY #BREAKING $SPX $QQQ $IWM $GS $CMG $BAC $AAPL $BABA $C $JPM $NFLX  $BIDU $SNAP $FB $DJI $DJIA $USO $VIX $UVXY @POTUSâ€_')
('2017-04-15 22:53:27', '$SPY #BREAKING $SPX $QQQ $IWM $GS $CMG $BAC $AAPL $BABA $C $JPM $NFLX  $BIDU $SNAP $FB $DJI $DJIA $USO $VIX $UVXYâ€_ https://t.co/tbv58wSe81')
('2017-04-15 22:51:58', 'Access curated tweets- high relevancy less spam - US Tech Giants https://t.co/J74uV6qAnD $AAPL $GOOG $MSFT $FB')
('2017-04-15 22:49:18', 'RT @Benzinga: Investing 101: Buying And Selling Stocks For The Average Joe Or Jane https://t.co/mYlgnlXN5u $AAPL $AMZN $BA')
('2017-04-15 22:40:32', 'RT @notyourcountry: The Great Investor Warren #Buffett and His Berkshire\u200b Fairy Tales #CIA $BRK $WFC $AAPL https://t.co/a4vpXfAmxZ @valuewaâ€_')
('2017-04-15 22:38:56', 'The Great Investor Warren #Buffett and His Berkshire\u200b Fairy Tales #CIA $BRK $WFC $AAPL https://t.co/a4vpXfAmxZâ€_ https://t.co/TG1Gkjw1mm')
('2017-04-15 22:38:00', 'Apple moves another step forward with self-driving car efforts https://t.co/qRxdSXUoWb $AAPL $GOOG $GOOGL $TSLA')
('2017-04-15 22:35:56'," ""RT @ClayTrader25: $20000 in ONLY 3 Weeks. Here's How - https://t.co/4U36YUwXNZ here's a hint. Trading is not a business for the mentally wâ€_"")"
('2017-04-15 22:34:45'," ""$20000 in ONLY 3 Weeks. Here's How - https://t.co/4U36YUwXNZ here's a hint. Trading is not a business for the mentally weak. $AAPL $BVTK $X"")"
('2017-04-15 22:33:56', 'The Options Edge by Michael Khouw: https://t.co/pBPwt6iYHn $SPY $AAPL $AMZN $NFLX $PCLN $VIX')
('2017-04-15 22:33:40', 'Exxon Mobil - Hold Or Fold? https://t.co/eE1wLZ67f9 $AAPL $MSFT $AMZN $XOM')
('2017-04-15 22:32:09', 'RT @HITpol: $AAPL and Google \nThe next big #pharma \nby @JohnNosta in @forbes\n\nhttps://t.co/x58k83nONp')
('2017-04-15 22:30:36', 'RT @HITpol: $AAPL and Google \nThe next big #pharma \nby @JohnNosta in @forbes\n\nhttps://t.co/x58k83nONp')
('2017-04-15 22:22:36', 'Playing Investment Tricks On Myself https://t.co/KK71W9U4aW $AAPL $NKE $BCE $TRP $CVS $WBA $MSFT $MMM $CL $JNJ $QCOM $MDT $BRK.B $ABT $PEP')
('2017-04-15 22:21:32'," ""$SPY Looks like it's going 2 happen regardless $SPX $QQQ $IWM $GS $CMG $BAC $AAPL $BABA $C $JPM $NFLX  $BIDU $SNAPâ€_ https://t.co/OZyGZsBimg"")"
('2017-04-15 22:20:41'," ""It's a Terrible Things Being Poor &amp; At The Mercy of Others! Try it! @DRUDGE_REPORT $KO $PeP $MYL $MRK $AAPL $TWTR $AAPL $BRK $IeP $GOOGL"")"
('2017-04-15 22:18:41', 'RT @HITpol: $AAPL and Google \nThe next big #pharma \nby @JohnNosta in @forbes\n\nhttps://t.co/x58k83nONp')
('2017-04-15 22:17:38'," ""$SPY Hmmm What's on the agenda?$SPX $QQQ $IWM $GS $CMG $BAC $AAPL $BABA $C $JPM $NFLX  $BIDU $SNAP $FB $DJI $DJIAâ€_ https://t.co/lN8YcvFHzK"")"
('2017-04-15 22:17:21', '#Instant #Apple Unlocking $0.99 Cent All #iPhone FOR 3GS 4 4S 5 5C 5S 6 6+ #unlockfusion #icloud #freeunlock #factoryunlock $AAPL #unlock')
('2017-04-15 22:15:10', '#Instant #Apple Unlocking $0.99 Cent All #iPhone FOR 3GS 4 4S 5 5C 5S 6 6+ #unlockfusion #icloud #freeunlock #factoryunlock $AAPL #unlock')
('2017-04-15 22:09:31', 'RT @HITpol: $AAPL and Google \nThe next big #pharma \nby @JohnNosta in @forbes\n\nhttps://t.co/x58k83nONp')
('2017-04-15 22:09:15', 'RT @appleinsider: $AAPL Mac iPad dodge ugly new NSA hacker bomb targeting Windows PCs $MSFT https://t.co/sfl6stHV8S https://t.co/5LE2rOnalz')
('2017-04-15 22:08:16', '$AAPL and Google \nThe next big #pharma \nby @JohnNosta in @forbes\n\nhttps://t.co/x58k83nONp')
('2017-04-15 22:07:57', 'RT @brianfires: .@DRUDGE_REPORT Here it is! Why Democrats Are Taking Over Atlanta Suburbs $KO $PeP $MYL $MRK $AAPL $TWTR $AAPL $BRK $IeP $Gâ€_')
('2017-04-15 22:06:18', 'RT @adsslondon: $AAPL has rallied over 20% since Donald Trump was elected as US President https://t.co/BmKhviUvGn')
('2017-04-15 22:04:52', 'RT @ahier: $AAPL receives permit in CA to test #selfdriving cars\nby @JessicaRAult in @Reuters\n\nhttps://t.co/nMjkezgivl')
('2017-04-15 22:04:07', 'RT @adsslondon: $AAPL has rallied over 20% since Donald Trump was elected as US President https://t.co/BmKhviUvGn')
('2017-04-15 21:59:53', 'RT @adsslondon: $AAPL has rallied over 20% since Donald Trump was elected as US President https://t.co/BmKhviUvGn')
('2017-04-15 21:59:28', '$AAPL receives permit in CA to test #selfdriving cars\nby @JessicaRAult in @Reuters\n\nhttps://t.co/nMjkezgivl')
('2017-04-15 21:57:27', 'RT @adsslondon: $AAPL has rallied over 20% since Donald Trump was elected as US President https://t.co/BmKhviUvGn')
('2017-04-15 21:54:22', 'The people* have spoken!: Do nothing Tim.\n\n*26     $AAPL #ApplePay #Apple https://t.co/EKH1XZLTmD')
('2017-04-15 21:51:51', 'RT @DayTradersGroup: $AAPL Remember this chart from Monday? http://t.co/snblISku09 $fcx $nem $gGLD $GDX $AMZN $vxx $aig $TBT #OPTIONS')
('2017-04-15 21:51:36', 'RT @adsslondon: $AAPL has rallied over 20% since Donald Trump was elected as US President https://t.co/BmKhviUvGn')
('2017-04-15 21:51:16', 'DMV Permit Will Require Apple To Shed Light On  Plans Regarding Autonomous Vehicle Technology https://t.co/kNNIK5x8fz\n$AAPL #autonomous')
('2017-04-15 21:49:57', 'RT @adsslondon: $AAPL has rallied over 20% since Donald Trump was elected as US President https://t.co/BmKhviUvGn')
('2017-04-15 21:48:32', 'Having 10 different news tabs open for $AAPL $DB $BP? We give you 1 https://t.co/iSMMsCwWju https://t.co/mmUqHWyzJM')
('2017-04-15 21:47:57', 'RT @adsslondon: $AAPL has rallied over 20% since Donald Trump was elected as US President https://t.co/BmKhviUvGn')
('2017-04-15 21:35:59', '.@DRUDGE_REPORT Here it is! Why Democrats Are Taking Over Atlanta Suburbs $KO $PeP $MYL $MRK $AAPL $TWTR $AAPL $BRKâ€_ https://t.co/CTQGC5bgUj')
('2017-04-15 21:35:34', 'RT @adsslondon: $AAPL has rallied over 20% since Donald Trump was elected as US President https://t.co/BmKhviUvGn')
('2017-04-15 21:32:46', 'RT @adsslondon: $AAPL has rallied over 20% since Donald Trump was elected as US President https://t.co/BmKhviUvGn')
('2017-04-15 21:31:38', 'RT @TimePricer: #Apple $AAPL MONTHLY Price Pattern Coordinates Chart\nMonthly Time Price 6UA 1DA Area 6/0\nNegative Event 1DAX=MACD1 x&lt; SIG1â€_')
('2017-04-15 21:31:38', 'RT @News_Screamer: Apple iPhone 5 16GB - Unlocked - White (Certified Refurbished) https://t.co/InG83qsKAb $AAPL #apple #iphone5')
('2017-04-15 21:31:38', 'RT @investornetwork: A World Where #Disney &amp; #Apple are One. $AAPL $DIS #Wallstreet https://t.co/PTPs3eszgC https://t.co/Rcue0t3ZCS')
('2017-04-15 21:24:34', 'RT @adsslondon: $AAPL has rallied over 20% since Donald Trump was elected as US President https://t.co/BmKhviUvGn')
('2017-04-15 21:24:21', 'Car Bomb Kills More Than the  Mother of all Bombs? Terrible! $VR $AGN $MYL $MRK $IeP $BRK $AAPL $TWTR $KO $PeP $JNJâ€_ https://t.co/MscMHLHMzU')
('2017-04-15 21:22:42', 'Qualcomm is somewhat a mess mired in a dispute with $AAPL but underlying profits remain huge. Bullish on a breakâ€_ https://t.co/SODbdEIakC')
('2017-04-15 21:22:38', 'RT @adsslondon: $AAPL has rallied over 20% since Donald Trump was elected as US President https://t.co/BmKhviUvGn')
('2017-04-15 21:17:32', 'RT @themotleyfool: Sure Androids outsell iPhones. But in mobile payments the $AAPL vs $GOOGL battle is playing out differently. https://tâ€_')
('2017-04-15 21:16:10', 'Tomates Time Management Is a Super Customizable Pomodoro Timer for Mac https://t.co/sJhDgOEXtt #Lifehacker $AAPL https://t.co/6ja9VkPAJQ')
('2017-04-15 21:14:05', 'RT @adsslondon: $AAPL has rallied over 20% since Donald Trump was elected as US President https://t.co/BmKhviUvGn')
('2017-04-15 21:13:31', 'Apple $AAPL Stock Charts Analysis Weekly After Shooting Star via @astruzynski @HeidsterTrades @TradersCom @Lizardjb3 https://t.co/SZ0aenNkqI')
('2017-04-15 21:13:28', '#Apple $AAPL MONTHLY Price Pattern Coordinates Chart\nMonthly Time Price 6UA 1DA Area 6/0\nNegative Event 1DAX=MACD1â€_ https://t.co/htuuRp2LGX')
('2017-04-15 21:09:18', 'Apple iPhone 5 16GB - Unlocked - White (Certified Refurbished) https://t.co/InG83qsKAb $AAPL #apple #iphone5')
('2017-04-15 21:09:01', 'A World Where #Disney &amp; #Apple are One. $AAPL $DIS #Wallstreet https://t.co/PTPs3eszgC https://t.co/Rcue0t3ZCS')
('2017-04-15 21:07:18', 'RT @Investing_Books: Options Trading For Beginners: How To Get Rich With Stock Options Trading: https://t.co/YvhmFGWIBg #trading #options $â€_')
('2017-04-15 21:07:18', 'RT @TradeWithSuper: Benzinga: Investing 101: Buying And Selling Stocks For The Average Joe Or Jane https://t.co/6jisGAyj0i $AAPL $AMZN $BA')
('2017-04-15 21:01:17', '#Apple $AAPL WEEKLY Price Pattern Coordinates Chart\nWeekly Time Price 6SU 3DA Area 6/3 https://t.co/9xB9rEA96h')
('2017-04-15 20:53:21', '$AAPL is currently -1.8% at $141.05 for April but most recognise the 150s are due. Mainstream chatter of $200s hasâ€_ https://t.co/O83qdarNFs')
('2017-04-15 20:42:21', '$AAPL Max Pain = 137.00. Maturity = 04/21/2017. Previous close = 141.05.  https://t.co/XfNhecwGX8 https://t.co/hvv3YaVLe8')
('2017-04-15 20:40:22', 'Capital Market Laboratories - $AAPL options backtest from CML TradeMachine https://t.co/wOqO4kbf6F via @CMLviz $1.5 / contract fee. 50 &amp; 40_Ÿ”_')
('2017-04-15 20:36:20', 'Access curated tweets- high relevancy less spam - US Tech Giants https://t.co/J74uV6qAnD $AAPL $GOOGL $MSFT $FB')
('2017-04-15 20:35:01', 'RT @davidmoadel: $AAPL #Apple to Test Self-Driving Car Tech on California Roads https://t.co/9uZcYPtRsi $MBLY #stockmarket #stocks $QQQ $DIâ€_')
('2017-04-15 20:33:56', 'Options Trading For Beginners: How To Get Rich With Stock Options Trading: https://t.co/YvhmFGWIBg #trading #options $SPY $VIX $SPX $AAPL')
('2017-04-15 20:33:25', 'Benzinga: Investing 101: Buying And Selling Stocks For The Average Joe Or Jane https://t.co/6jisGAyj0i $AAPL $AMZN $BA')
('2017-04-15 20:30:58', 'RT @Benzinga: Investing 101: Buying And Selling Stocks For The Average Joe Or Jane https://t.co/mYlgnlXN5u $AAPL $AMZN $BA')
('2017-04-15 20:30:58', 'RT @bullriders1: MT @andrewnyquist $AAPL Apple is overheated but broader trend is bullish. @snyder_karl https://t.co/RO80XRLylZ')
('2017-04-15 20:30:57', 'RT @AABasyoni: Apple moves another step forward with self-driving car efforts https://t.co/OIPjSBgUW7 $AAPL $GOOG $GOOGL $TSLA')
('2017-04-15 20:29:21', 'Investing 101: Buying And Selling Stocks For The Average Joe Or Jane https://t.co/mYlgnlXN5u $AAPL $AMZN $BA')
('2017-04-15 20:28:42', '@tim_cook Nice - The right of $AAPL with ~ $250B cash to buy struggling but valuable $TWTR to leverage tremendous sâ€_ https://t.co/X1IN3yLyM8')
('2017-04-15 20:22:33', 'MT @andrewnyquist $AAPL Apple is overheated but broader trend is bullish. @snyder_karl https://t.co/RO80XRLylZ')
('2017-04-15 20:21:29'," ""RT @Ascend_Trading: BradM's journey the past 2 weeks. Congrats brother! $SPY $QQQ $FB $TWTR $AAPL $AMZN $NVDA $AMD $ADPT $NUGT $DUST https:â€_"")"
('2017-04-15 20:12:03', 'RT @scottbudman: CNBC: Apple is now working on treatment of diabetes. https://t.co/y3KuWHmmmd $AAPL')
('2017-04-15 20:08:17', 'Apple moves another step forward with self-driving car efforts https://t.co/OIPjSBgUW7 $AAPL $GOOG $GOOGL $TSLA')
('2017-04-15 20:06:39', 'RT @Investing_Books: So You Want to Start a Hedge Fund: Lessons for Managers and Allocators: https://t.co/hWSq4aqxRw $SPY $AAPL $TSLA $NFLX')
('2017-04-15 20:06:38'," ""RT @ARKindu: Turns out the $AAPL car project isn't dead. Apple got a CA #autonomous permit. https://t.co/b0OQ8Wnx28"")"
('2017-04-15 20:00:57'," 'anyone else see a ""#pacman defense"" oh $SNAP I think I see a #powerpellet https://t.co/MLEijGaTbX he called out $AAPL and #India #nameste')"
('2017-04-15 20:00:40', 'barronsonline: Donâ€™t do it: An Apple-Disney tie-up would smack of desperation https://t.co/N6siC8BJtE $AAPL $DIS â€_ https://t.co/n7Gd3aBA5d')
('2017-04-15 20:00:29', '$AAPL could correct quite a bit here https://t.co/6NjzJ8TlKJ')
('2017-04-15 19:59:26', 'RT @andrewnyquist: $AAPL - Apple is overheated (i.e. room to back and fill) but broader trend bullish. 40 week MA h/t @snyder_karl. https:/â€_')
('2017-04-15 19:56:42', 'Donâ€™t do it: An Apple-Disney tie-up would smack of desperation https://t.co/ZKC5Zqi014 $AAPL $DIS viaâ€_ https://t.co/EjPmHVdd6e')
('2017-04-15 19:55:17', 'Screen through high rated articles for US Tech Kings at once $AAPL $GOOG $FB https://t.co/l3Lv2AAjzE https://t.co/eXHkka9AB0')
('2017-04-15 19:54:36', '$AAPL #Apple to Test Self-Driving Car Tech on California Roads https://t.co/9uZcYPtRsi $MBLY #stockmarket #stocks $QQQ $DIA $SPY #investing')
('2017-04-15 19:52:25', 'RT @andrewnyquist: $AAPL - Apple is overheated (i.e. room to back and fill) but broader trend bullish. 40 week MA h/t @snyder_karl. https:/â€_')
('2017-04-15 19:48:55', 'The Manual of Ideas: The Proven Framework for Finding the Best Value Investments: https://t.co/KqvP31P6kW $AAPL $IBM $CSCO $INTC $COST')
('2017-04-15 19:43:54', '$AAPL - Apple is overheated (i.e. room to back and fill) but broader trend bullish. 40 week MA h/t @snyder_karl. https://t.co/2FK2iLjvmV')
('2017-04-15 19:42:26'," 'RT @420WeedStreet: $SPY ""NO MERCY!! $SPX $QQQ $IWM $GS $CMG $BAC $AAPL $BABA $C $JPM $NFLX  $BIDU $SNAP $FB $DJI $DJIA $USO $VIX $UVXY @POTâ€_')"
('2017-04-15 19:42:21', 'RT @Lake_Avenue: #Apple gets permit to test #autonomous #cars in\xa0#California. $AAPL \nhttps://t.co/85c8sATfxV https://t.co/kqdmUoAsfe')
('2017-04-15 19:42:13', 'RT @DayTradersGroup: $AAPL Remember this chart from Monday? http://t.co/snblISku09 $fcx $nem $gGLD $GDX $AMZN $vxx $aig $TBT #OPTIONS')
('2017-04-15 19:38:24'," '$SPY ""NO MERCY!! $SPX $QQQ $IWM $GS $CMG $BAC $AAPL $BABA $C $JPM $NFLX  $BIDU $SNAP $FB $DJI $DJIA $USO $VIX $UVXYâ€_ https://t.co/ehpxyaSarH')"
('2017-04-15 19:34:04', '#GoodBookey for the follow #CLOUDUNLOCK Check Out #Apple #iCloud #iPhone $AAPL for #unlock #code https://t.co/sFE120Bm7R')
('2017-04-15 19:33:55', 'So You Want to Start a Hedge Fund: Lessons for Managers and Allocators: https://t.co/hWSq4aqxRw $SPY $AAPL $TSLA $NFLX')
('2017-04-15 19:32:00'," ""Turns out the $AAPL car project isn't dead. Apple got a CA #autonomous permit. https://t.co/b0OQ8Wnx28"")"
('2017-04-15 19:30:20', 'RT @420WeedStreet: $SPY @POTUS $SPX $QQQ $IWM $GS $CMG $BAC $AAPL $BABA $C $JPM $NFLX  $BIDU $SNAP $FB $DJI $DJIA $USO $VIX $UVXY LOL..Yeahâ€_')
('2017-04-15 19:30:20', 'RT @stevewalker36: When/if #Apple x 2\n#AAPL $AAPL https://t.co/i0z1yMl2Zf')
('2017-04-15 19:30:19', 'RT @mktearlybird: Our $AAPL SmartTrack found : @CIOonline Toshibaâ€™s memory biz sale attracts many including Apple    #Finance https://t.coâ€_')
('2017-04-15 19:30:19', 'RT @DHFactors: Apple moves another step forward with self-driving car efforts $AAPL $GOOG $GOOGL $TSLA $UBER $GM https://t.co/vfkNlooa7P')
('2017-04-15 19:28:16', '$SPY @POTUS $SPX $QQQ $IWM $GS $CMG $BAC $AAPL $BABA $C $JPM $NFLX  $BIDU $SNAP $FB $DJI $DJIA $USO $VIX $UVXY LOL.â€_ https://t.co/sGxRyIYJyb')
('2017-04-15 19:28:10'," ""@acecampbell I was wrong - $AAPL's cash horde is about 2x what I thought - $246 billion! https://t.co/j9mPcKfJ50"")"
('2017-04-15 19:28:01', 'The Long Term Value portfolio managed by @wallst_wizz on Covestor is long $BRK/B $RAD and $AAPL. Learn more:â€_ https://t.co/XJRX5gkC4x')
('2017-04-15 19:26:04', 'Can You See it now? Valeant GAPS UP on Q1 GAAP Net Income W/Gain from Sale &amp; Improved Balance Sheet :-) $AGN $VRX $TWTR $AAPL $tst $MYL $MRK')
('2017-04-15 19:23:34', 'When/if #Apple x 2\n#AAPL $AAPL https://t.co/i0z1yMl2Zf')
('2017-04-15 19:23:13', 'RT @Sandro_power: $SPY $STUDY  $AMZN $AAPL $TSLA video explains the facts      https://t.co/HPNgci8tL4')
('2017-04-15 19:20:04', 'Our $AAPL SmartTrack found : @CIOonline Toshibaâ€™s memory biz sale attracts many including Apple    #Finance https://t.co/AQ8fCUuyNx')
('2017-04-15 19:07:58', 'Apple moves another step forward with self-driving car efforts $AAPL $GOOG $GOOGL $TSLA $UBER $GM https://t.co/vfkNlooa7P')
('2017-04-15 19:06:06', 'RT @brianfires: PB&amp;J W/ Milk Time Again! $VRX $AGN $MYL $MRK $TWTR $AAPL $BRK $IeP $tst $KO $PeP $GOOGL $JNJ $exel $JAZZ $PRGO $ebs $GILD @â€_')
('2017-04-15 18:50:16', 'Top Stock searches on message boards and Twitter: $USO $AAPL $SPY $AMZN $FB (02:50 pm) #stocks #finance #stockmarket #StockPicks')
('2017-04-15 18:46:33', 'Highest scoring stories for #SP500 under one watchlist $AAPL $WFC $XOM https://t.co/Rwpf6Sogpu&gt; https://t.co/1XOcf2Iedi')
('2017-04-15 18:42:59', 'PB&amp;J W/ Milk Time Again! $VRX $AGN $MYL $MRK $TWTR $AAPL $BRK $IeP $tst $KO $PeP $GOOGL $JNJ $exel $JAZZ $PRGO $ebsâ€_ https://t.co/IUykvzb2EB')
('2017-04-15 18:40:56', 'Preferences Among Teens: $SNAP &gt; $FB; $NKE &gt; $ADDYY $SBUX &gt; $MCD; $AAPL iPhone &gt; $GOOG Android &gt; $MSFT; $AMZN &gt; $WMT https://t.co/LaKgaNfJiJ')
('2017-04-15 18:34:09'," ""Events From Last Week: What's Next For N. Korea? $SPY $GXC $RBL $AAPL $TSLA $GM $F $ADI $SWKS $QRVO $CRUS $SMH $SOXX https://t.co/qujwsri6DN"")"
('2017-04-15 18:29:44', 'RT @brianfires: People just dropped their stuff and ran! WOW! $VRX $AGN $MYL $MRK $KO $PeP $IeP $TWTR $AAPL $BRK $HLF $JNJ $SNAP $fb $SHAKâ€_')
('2017-04-15 18:29:44', 'RT @Sassy_SPY: This weeks Open Interest Analysis &amp; Strategies $AAPL $AMZN $BIDU $FB $GOOGL $GS $NFLX $TSLA premium post https://t.co/l7o4cVâ€_')
('2017-04-15 18:27:01', 'People just dropped their stuff and ran! WOW! $VRX $AGN $MYL $MRK $KO $PeP $IeP $TWTR $AAPL $BRK $HLF $JNJ $SNAPâ€_ https://t.co/UxqUpXFIzt')
('2017-04-15 18:25:13', '#Apple $AAPL secured a permit for autonomous-vehicle testing in #California the clearest sign to date of... https://t.co/BitbSmCq4a')
('2017-04-15 18:24:41', 'This weeks Open Interest Analysis &amp; Strategies $AAPL $AMZN $BIDU $FB $GOOGL $GS $NFLX $TSLA premium post https://t.co/l7o4cVGj0x $SPY $SPX')
('2017-04-15 18:24:31', 'Can Smartwatches Disrupt The Luxury Watch Market? | $AAPL $GOOG $GOOGL $SSNLF $TOSYY $BBRY $FIT $QCOM $PATEK | https://t.co/1kBrs5C02s')
('2017-04-15 18:22:17'," ""The World's 3 Most Unshortable Stocks | $AAPL $GOOG $GOOGL $FB $AMZN $CI $ANTM $HUM $UNH $AET $NFLX $MSFT $YHOO | https://t.co/fObyq2A9rl"")"
('2017-04-15 18:15:33'," ""The First To $1 Trillion Is Apple's To Lose | $AAPL $GOOG $GOOGL $MSFT $AMZN $FB $TSLA $BRK.A $BRK.B $XOM | https://t.co/rRRsYcDdO9"")"
('2017-04-15 18:10:44'," ""RT @NASDAQ: What Apple's efforts in creating diabetes sensors means for investors $AAPL https://t.co/pfhpuWksjB https://t.co/paijv7wNKE"")"
('2017-04-15 18:08:30', 'Rampant Pay Gap Or Fake News? | $NFLX $TWTR $YHOO $QQQ $DDD $QCOM $BBRY $NVDA $HPQ $HPE $GPRO $GOOG $AAPL | https://t.co/HuOjixp5pa')
('2017-04-15 18:08:09'," ""$TSLA #Tesla And The Auto Market's New 'Big Three' https://t.co/rZL0RQCbvl $GM $F $SPY $QQQ #stockmarket #stocks #investing #finance $AAPL"")"
('2017-04-15 18:07:35', 'Imagine reading up on $Oil $AAPL $EURUSD concurrently on the same platform! https://t.co/hpDn2yz05K https://t.co/8OjV0rEavq')
('2017-04-15 18:06:10', 'RT @TCBFx: The Closing Bell is out! https://t.co/YzjEjisXjY $EURUSD $GBPUSD $USDJPY $AUDUSD $SPY $TWTR $GPRO $YHOO $LNKD $FB $AAPL $BRD $CAâ€_')
('2017-04-15 18:05:31', 'RT @jsomaney: Will we get a lot more information on $AAPL Project Titan going forward? @tim_cook https://t.co/nAEjTQ2d6N')
('2017-04-15 18:05:31'," ""RT @MacHashNews: This week's top stories: Our WWDC wish lists iPhone 8 reports Nvidia's Pascal GPU drivers modularâ€_ https://t.co/V7tMlBCâ€_"")"
('2017-04-15 18:04:08', 'Ppl writing about $AAPL-$DIS Tie-up... https://t.co/OqnV6H2eGm')
('2017-04-15 18:03:37'," ""Today's Apps Gone Free: The Lost Fountain Blue Light Therapy 123 Kids Fun Coloring Book and Moreâ€_ https://t.co/lCACvtukoK"")"
('2017-04-15 17:58:14', 'RT @upticknewswire: All great companies have serious bumps in the road. Whether your $AAPL or $SIML.  #MicroCap #Stocks https://t.co/ttLMWVâ€_')
('2017-04-15 17:43:42', 'North Korea Mocks US Demonstrators With Formal Wear! $KO $PeP $AAPL $TWTR $GOOGL $MSFT $VRX $AGN $MYL $MRK $SNAPâ€_ https://t.co/QSFPqZHdSK')
('2017-04-15 17:35:47'," ""RT @BarronsNEXT: Here's why an Apple/Disney deal could make sense. https://t.co/w8biod68Uq $DIS $AAPL"")"
('2017-04-15 17:34:44', 'Will we get a lot more information on $AAPL Project Titan going forward? @tim_cook https://t.co/nAEjTQ2d6N')
('2017-04-15 17:30:26'," ""This week's top stories: Our WWDC wish lists iPhone 8 reports Nvidia's Pascal GPU drivers modularâ€_â€_ https://t.co/PTTKV5HJFF"")"
('2017-04-15 17:29:16', 'RT @TCBFx: The Closing Bell is out! https://t.co/YzjEjisXjY $EURUSD $GBPUSD $USDJPY $AUDUSD $SPY $TWTR $GPRO $YHOO $LNKD $FB $AAPL $BRD $CAâ€_')
('2017-04-15 17:29:16', 'RT @pandpdotcom: Good stuff1 Long AAPL ! Apple moves another step forward with self-driving car efforts https://t.co/eZGUaFxXOf $AAPL $GOOâ€_')
('2017-04-15 17:26:47', 'The Closing Bell is out! https://t.co/YzjEjisXjY $EURUSD $GBPUSD $USDJPY $AUDUSD $SPY $TWTR $GPRO $YHOO $LNKD $FB $AAPL $BRD $CAT $WLT $LNKD')
('2017-04-15 17:25:15', 'Good stuff1 Long AAPL ! Apple moves another step forward with self-driving car efforts https://t.co/eZGUaFxXOf $AAPL $GOOG $GOOGL $TSLA')
('2017-04-15 17:24:56', 'RT @appleinsider: $AAPL Mac iPad dodge ugly new NSA hacker bomb targeting Windows PCs $MSFT https://t.co/sfl6stHV8S https://t.co/5LE2rOnalz')
('2017-04-15 17:13:15'," ""@markbspiegel And yet nobody on earth wants to buy it $tsla laughs as it sold 900 units last month. You're likeâ€_ https://t.co/wN3UZyFvRX"")"
('2017-04-15 17:07:53', 'RT @cheddar: Steve Jobsâ€™ secret final project: Treating diabetes with wearable tech. #CheddarLIVE $AAPL https://t.co/qoGmBCccO4')
('2017-04-15 17:05:57'," 'RT @420WeedStreet: $SPY ""Crazy Fat #NorthKorean Kid"" $SPX $QQQ $IWM $GS $CMG $BAC $AAPL $BABA $C $JPM $NFLX  $BIDU $SNAP $FB $DJI $DJIA $USâ€_')"
('2017-04-15 17:05:03', 'RT @mchilberg: The race for #AI\n$AMZN $AAPL $GOOG $MSFT $CRM $FB $INTC\nhttps://t.co/SJm9clqVg7 https://t.co/VA37r0if04')
('2017-04-15 17:05:03', 'RT @Bubba_00070: Mark Zuckerberg kicks off F8 Conference live on Yahoo Finance $FB $TWTR $SNAP $GOOG $AMZN $TSLA $AAPL \n\n https://t.co/CiVPâ€_')
('2017-04-15 17:00:40', 'RT @cheddar: Steve Jobsâ€™ secret final project: Treating diabetes with wearable tech. #CheddarLIVE $AAPL https://t.co/qoGmBCccO4')
('2017-04-15 17:00:25', 'Apple moves another step forward with self-driving car efforts $AAPL $GOOG $GOOGL $TSLA $UBER $GM https://t.co/NEdBfcxUBp')
('2017-04-15 17:00:03', 'Steve Jobsâ€™ secret final project: Treating diabetes with wearable tech. #CheddarLIVE $AAPL https://t.co/qoGmBCccO4')
('2017-04-15 16:53:16'," ""RT @BarronsNEXT: Here's why an Apple/Disney deal could make sense. https://t.co/w8biod68Uq $DIS $AAPL"")"
('2017-04-15 16:47:23', 'There is a segment of Route 17 in Paramus NJ has a Jaguar dealer a Steinway dealer and a lot of $AAPL stock.')
('2017-04-15 16:46:29', 'RT @Sandro_power: $SPY $STUDY  $AMZN $AAPL $TSLA video explains the facts      https://t.co/HPNgci8tL4')
('2017-04-15 16:43:00', 'RT @Sandro_power: $SPY $AAPL $TSLA for those who has missed this great detailed report plus I will be posting some bearish plans  https://â€_')
('2017-04-15 16:37:41'," 'Ever awakened thinking: ""Is $AAPL breaking out?"" Fullfill your morning thoughts at https://t.co/rl6Rts6o1J #Breakout #Hamilton #Marke')"
('2017-04-15 16:37:31', 'RT @ApproTrade: One day in the foreseeable future a wise titan ($AMZN $AAPL $IBM) is going to take out $NVDA for over $200 a share. Therâ€_')
('2017-04-15 16:37:07', 'RT @Sandro_power: $SPY $AAPL $TSLA for those who has missed this great detailed report plus I will be posting some bearish plans  https://â€_')
('2017-04-15 16:36:04'," ""RT @StockTwits: The 3 BEST performing stocks in the Dow this year\n\n$AAPL +29%\n$BA +25%\n$JPM +23%\n\nHere's the full list: https://t.co/R9bedaâ€_"")"
('2017-04-15 16:35:23', '$AAPL joins crowed #AI market in Seattle\nhttps://t.co/aS8YC90fre')
('2017-04-15 16:34:19', 'Monitor your watchlist of assets for tweets - US Tech Giants https://t.co/J74uV6qAnD $AAPL $GOOG $MSFT $FB')
('2017-04-15 16:27:26', 'The race for #AI\n$AMZN $AAPL $GOOG $MSFT $CRM $FB $INTC\nhttps://t.co/SJm9clqVg7 https://t.co/VA37r0if04')
('2017-04-15 16:26:36', '#publications #australianbroker ! #SwingTrader #OptionTrader $DAX $AAPL https://t.co/O7wxp3aRzG')
('2017-04-15 16:21:18', 'Mark Zuckerberg kicks off F8 Conference live on Yahoo Finance $FB $TWTR $SNAP $GOOG $AMZN $TSLA $AAPL \n\n https://t.co/CiVPNBNR1d')
('2017-04-15 16:20:39', 'RT @mktearlybird: $AAPL Alert : @verge Apple will begin replacing fourth generation iPads brought in for service with an iP... #Shares httpâ€_')
('2017-04-15 16:20:05', '$AAPL Alert : @verge Apple will begin replacing fourth generation iPads brought in for service with an iP... #Shares https://t.co/83pqYMdnTV')
('2017-04-15 16:16:36', 'RT @mchjc: $AAPL..TA thoughts..https://t.co/W79i0olg4O https://t.co/dLFBdnAtBP')
('2017-04-15 16:16:09', 'Creating A Day Trading Course #WarriorTrading | New Blog: https://t.co/5x3qMDS33H | #DayTrader #SwingTraderâ€_ https://t.co/2keWiAr5JE')
('2017-04-15 16:16:08', '$AAPL..TA thoughts..https://t.co/W79i0olg4O https://t.co/dLFBdnAtBP')
('2017-04-15 16:15:29', '#Apple gets permit to test #autonomous #cars in\xa0#California. $AAPL \nhttps://t.co/85c8sATfxV https://t.co/kqdmUoAsfe')
('2017-04-15 16:12:33'," 'RT @420WeedStreet: $SPY ""Crazy Fat #NorthKorean Kid"" $SPX $QQQ $IWM $GS $CMG $BAC $AAPL $BABA $C $JPM $NFLX  $BIDU $SNAP $FB $DJI $DJIA $USâ€_')"
('2017-04-15 16:09:18'," '$SPY ""Crazy Fat #NorthKorean Kid"" $SPX $QQQ $IWM $GS $CMG $BAC $AAPL $BABA $C $JPM $NFLX  $BIDU $SNAP $FB $DJIâ€_ https://t.co/j0AkJp0QyK')"
('2017-04-15 16:05:49', 'RT @BoardCentral: Top Stock searches on message boards and Twitter: $USO $AAPL $SPY $AMZN $FB (11:10 am) #stocks #finance #stockmarket #Stoâ€_')
('2017-04-15 16:04:28', 'RT @ApprendreT: short $AAPL https://t.co/7WWJ3kc0Io TV_TradingIdeas')
('2017-04-15 16:04:28', 'RT @MacHashNews: How to create a folder on your iPhone or iPad https://t.co/MYqLbyAG2j #Macworld $AAPL https://t.co/ktJM4PhQTl')
('2017-04-15 16:04:02', 'Buying Apple Inc. (AAPL) Stock for the Dividends? Donâ€™t. $AAPL https://t.co/BUwQPErNhc https://t.co/30J9nmOBVp')