('2017-05-03 23:59:03', 'JPM: Trend Following Strategies Are Now Driving Oil Prices https://t.co/ylhQrcqzHL $JPM https://t.co/iIuRhFOQe2')
('2017-05-03 23:53:21', '$SPY $BAC $JPM $GS $WFC expecting the financials to rally if health care bill passes. Money will be rotating from tech.')
('2017-05-03 23:45:10', 'Market Commentary For Thursday, May 04 - $WMT, $DSS, $IBM, $XOM, $SHLD, $AAPL, $JCP, $GS, $GOOGL, $JPM, $XRT, $BAC  https://t.co/CgrvP7jyoQ')
('2017-05-03 23:18:50', '#Breaking U.S. House votes Thursday to replace ObamaCare with #AHCA #stocks #WallStreet $UNH $ANTM $AET $CI $HUM $CNC $WCG $MOH $GS $JPM $MS')
('2017-05-03 23:13:22', '#JPMorganChase #organChasers Dreaming Of Paris Or Rome Are Getting Frankfurt Or Dublin. Read more: https://t.co/4TsIZmxwRl $JPM')
('2017-05-03 23:06:14', 'RT @AlpacaAlerts: $JPM is in Bullish Engulfing winning 62.22% in the past. https://t.co/zMizF6yiJt')
('2017-05-03 23:04:00', '$JPM is in Bullish Engulfing winning 62.22% in the past. https://t.co/zMizF6yiJt')
('2017-05-03 23:03:42', '@AmericanCancer happy to be here representing $JPM at the 2017 #Key2Hope Gala https://t.co/cysuzbW6To')
('2017-05-03 22:47:03', 'T3 Live Daily Recap - Fed Keeps Rates on Hold\n\nhttps://t.co/sdOJHSX3QM\n\n$SPY $IWM $XLF $BAC $JPM $GS $AAPL $AMZN $GOOGL $FB $TSLA')
('2017-05-03 21:44:03', '$WFC $JPM:\n\nBig Arizona employers land on inaugural Forbes’ ‘America’s Top …:\n\nhttps://t.co/4qmdNNy8K1')
('2017-05-03 21:43:38', 'Cpcm LLC Acquires New Stake in JPMorgan Chase &amp; Co. $JPM https://t.co/rb3fSWIBFh')
('2017-05-03 21:43:24', 'JPMorgan Chase &amp; Co. $JPM Shares Bought by Sand Hill Global Advisors LLC https://t.co/cFbpQ6PLBQ')
('2017-05-03 21:41:29', '181,720 Shares in JPMorgan Chase &amp; Co. $JPM Acquired by Flinton Capital Management LLC https://t.co/Y14QgsjXbA')
('2017-05-03 21:28:45', 'Vetr Inc. Upgrades JPMorgan Chase &amp; Co. $JPM to “Strong-Buy” https://t.co/mppKSvQaWv')
('2017-05-03 21:18:04', '@MadMoneyOnCNBC @jimcramer @Apple @tim_cook Maybe Apple should buy $jpm')
('2017-05-03 21:03:58', "Liar's Poker by Michael Lewis: https://t.co/b8y3x8Enn1 $WFM $JPM $C $AAPL $TSLA $NFLX $SPY")
('2017-05-03 20:42:27', '$JPM Hundreds Of JPMorgan Staff To Move From London In Wake Of Brexit https://t.co/QCaFegDwxl')
('2017-05-03 20:23:37', '$JPM Todays trading with JPMorgan Chase &amp; Co. for $87.0 on date May 03, 2017. #Finance')
('2017-05-03 20:21:54', "RT @FilmProfessor9: JAMIE DIMON: Companies 'have a moral obligation' to do more for society https://t.co/ynRIuzyFV0 via @bi_contributors $J…")
('2017-05-03 19:48:13', '"Interesting" earnings season..main longs - $GILD $EXC $MDC $WFC $HBI $JPM $AAPL $QCOM $NEWM, short - $AMZN $PTC $ALL, got rid of $GOOGL')
('2017-05-03 19:46:01', 'Mortgage all the houses on your block if and when $JPM decides to release $SLV from its purgatory hell.')
('2017-05-03 19:40:25', 'JPMorgan Chase &amp; Co. $JPM Receiving Somewhat Positive News Coverage, Report Shows https://t.co/pQANROP4WE')
('2017-05-03 19:34:12', '$JPM is the most valuable bank in US with a market cap of $310 bil., surpassing $WFC $BAC $C $GS $USB #banking… https://t.co/74BZow2UXd')
('2017-05-03 19:31:06', "$IBM's Full Year 2017 GAAP EPS Guidance of $11.95 Seems at Risk! $TWTR $MSFT $CRM $BRK $IeP $AAPL $GOOGL $GOOG… https://t.co/Se5mDZWD2C")
('2017-05-03 19:31:05', 'JPMorgan Chase &amp; Co. $JPM Receiving Somewhat Positive News Coverage, Report Shows https://t.co/FwBvO6OOt7')
('2017-05-03 19:18:03', '$JPM $WFC:\n\nForbes’ inaugural ranking of top US public companies features a …:\n\nhttps://t.co/nSBpboWKcu')
('2017-05-03 19:17:16', '#JPMorganChase J.P. Morgan to Shift Up to 1,000 Jobs Out of London Ahead of Brexit. Read more: https://t.co/aFjVhNfkgJ $JPM')
('2017-05-03 19:16:39', '#JPMorganChase The Wall Street Journal: J.P. Morgan is moving 1,000 jobs out of London ahead... Read more: https://t.co/yUnypol1zl $JPM')
('2017-05-03 19:01:13', 'This is how you spot big moves BEFORE they start https://t.co/LGNrhO8R7N $SPY $AAPL $AMZN $GOOGL $FB $NVDA $JPM $NFLX $TSLA $CMG')
('2017-05-03 18:52:49', '$XLF $JPM $GS $MS $BAC $C $WFC https://t.co/eQfQASjFZn')
('2017-05-03 18:50:49', "$IBM EV of $182.8B/ EBITDA of $17.5B = 10.4X. I read a $JPM Analyst Say that Valeant's ~7X Wasn't Cheap! $TWTR $MSFT $CRM $BRK $IeP $WFC $KO")
('2017-05-03 18:49:03', 'How do you not buy banks on that FOMC? $GS $WFC $JPM $BAC')
('2017-05-03 18:32:39', '“Creating economic opportunity must be an imperative for all of us” – Peter Scher, Head of CR for $JPM. Report: https://t.co/0LBIP6BmYA')
('2017-05-03 18:25:16', '$JPM Financial stocks hit session highs after Fed comments https://t.co/OXQ2rfvdBH')
('2017-05-03 18:20:29', "Feds aren't hinting at enough hikes. These bank stocks need a more bullish fed. $JPM $C $BAC $GS $SPY $DIA .07% GDP Oil below 6 month lows.")
('2017-05-03 18:16:54', '$JPM May 12 87P entry .94')
('2017-05-03 18:14:51', 'Only holdings 1/3 $TWTR and now $JPM')
('2017-05-03 18:10:05', '$JPM Financial stocks hit session highs after Fed minutes https://t.co/8di8RINPA0')
('2017-05-03 18:04:26', 'Long $JPM')
('2017-05-03 18:03:43', '#Breaking The Fed leaves Interest Rates unchanged at FOMC meeting #stocks #WallStreet $GS $JPM $MS $C $WFC $BAC $BX $BLK #wednesdaywisdom')
('2017-05-03 17:47:03', 'Highest number of trades within 1 second on 5/2: $JPM with 554 trades between 15:59:54.980 and 15:59:55.979')
('2017-05-03 17:46:05', "RT @finzine: $JPM I'll Say It Again: Ethereum Beats Bitcoin https://t.co/emhT3ny6i2")
('2017-05-03 17:45:44', "RT @finzine: $JPM I'll Say It Again: Ethereum Beats Bitcoin https://t.co/emhT3ny6i2")
('2017-05-03 17:44:57', 'JPMorgan Chase &amp; Co. $JPM Receiving Somewhat Positive News Coverage, Report Shows https://t.co/gZQB21hlSv')
('2017-05-03 17:42:33', "RT @finzine: $JPM I'll Say It Again: Ethereum Beats Bitcoin https://t.co/emhT3ny6i2")
('2017-05-03 17:40:27', "$JPM I'll Say It Again: Ethereum Beats Bitcoin https://t.co/emhT3ny6i2")
('2017-05-03 17:39:45', 'Financial stocks like $GS $JPM $BAC $C all have bullish daily charts. With Federal Reserve statement today, it is possible they shoot up.')
('2017-05-03 17:35:52', 'Market Challenge: Break Up The Banks? https://t.co/CRZukdC2wC $GS $MS $JPM $C $BAC')
('2017-05-03 17:33:23', '"Make no mistake about it, balance-sheet reduction is the same as a Fed tightening just under another name."\n\nStay… https://t.co/au2pFgyXO9')
('2017-05-03 17:32:39', 'RT @AaronLucchetti: One big reason car sales are slowing: banks are getting stingier on auto lending. \nhttps://t.co/zv3uaf01FQ\n$ALLY $JPM $…')
('2017-05-03 17:28:21', "$JPM I'll Say It Again: Ethereum Beats Bitcoin https://t.co/eFapeAgclw")
('2017-05-03 17:17:04', "If I didn't know better, I would think $FNBC got a buyout offer from $JPM $BAC $C $WFC with this action")
('2017-05-03 17:04:22', "Moody's Downgrades $IBM! $CRM $MSFT $TWTR $AAPL $BRK $IeP $GOOGL $GOOG $SNAP $KO $PeP $VRX $AGN $MYL $BABA $PYPL… https://t.co/kqK9CCRGpW")
('2017-05-03 16:47:13', 'One big reason car sales are slowing: banks are getting stingier on auto lending. \nhttps://t.co/zv3uaf01FQ\n$ALLY… https://t.co/JkhjlJLKNg')
('2017-05-03 16:42:05', '$AAPL $BAC $JPM:\n\nFed Decision Day Has Investors Nervous About This One Thing:\n\nhttps://t.co/MpWw9KX8Bt')
('2017-05-03 16:30:04', '#JPMorganChase J.P. Morgan moving 1,000 jobs out of London as Brexit looms. Read more: https://t.co/GltXArz75h $JPM')
('2017-05-03 16:20:11', '#JPMorganChase organ to move hundreds of jobs from London due to Brexit. Read more: https://t.co/uuZ60zB0LN $JPM')
('2017-05-03 16:17:42', '#JPMorganChase JP Morgan CIB CEO confirms hundreds of banking jobs planned for Dublin. Read more: https://t.co/AQhpSKPcGT $JPM')
('2017-05-03 16:04:38', 'Best DJ Stock For Capital Gain In Next 3 Months https://t.co/8ahDzLNG04 $CSCO #CISCO $V $HD $MSFT $GS $UNH $DD $PFE $JPM $MMM $GE $NKE')
('2017-05-03 16:01:20', "Seems like people are questioning $SQ performance. We'll take it! $XLK $SPY $PYPL $JPM $ATVI")
('2017-05-03 16:00:20', 'Best DJ Stock For Capital Gain In Next 3 Months https://t.co/XL2r5pE2KQ $CSCO #CISCO $V $HD $MSFT $GS $UNH $DD $PFE $JPM $MMM $GE $NKE')
('2017-05-03 16:00:20', 'Best DJ Stock For Capital Gain In Next 3 Months https://t.co/t1qjtaVaCo $CSCO #CISCO $V $HD $MSFT $GS $UNH $DD $PFE $JPM $MMM $GE $NKE')
('2017-05-03 15:57:16', '#JPMorganChase International banks plan pre-Brexit moves from London. Read more: https://t.co/UG3bgDPEvG $JPM')
('2017-05-03 15:56:39', '#JPMorganChase organ calls for tougher clearing house rules. Read more: https://t.co/iTHJ870jQ6 $JPM')
('2017-05-03 15:46:52', 'RT @Chase: In honor of #BlackHistoryMonth, the $JPM Art Program presents an exhibit from the corporate collection: https://t.co/mByKLLf0rG…')
('2017-05-03 15:37:31', 'JPMorgan: Settle The Ambac Case Or Lose Billions ~ Again! https://t.co/HoCAVeIGsj $JPM')
('2017-05-03 15:25:38', "RT @jpmorgan: $JPM's Oliver Gregson: Europe presents selective opportunities. https://t.co/YoWfiGLxSK https://t.co/Tw8jVKu4rV")
('2017-05-03 15:22:18', '$JPM Hundreds Of JPMorgan Staff To Move From London In Wake Of Brexit https://t.co/1QI1EWkTrI')
('2017-05-03 15:18:18', '$C $BCS $BAC $JPM $MS:\n\nHundreds Of JPMorgan Staff To Move From London In Wake Of Brexit:\n\nhttps://t.co/jtqpTvg4oN')
('2017-05-03 14:52:25', '$JPM JPMorgan calls for tougher clearing house rules https://t.co/Mg6Xuw6PeH')
('2017-05-03 14:23:36', '$JPM 10-Q: Transferred its $6.3bn student loan portfolio to held-for-sale, resulting in a write-down of $467mn. Criticized assets down y/oy.')
('2017-05-03 14:22:41', '$JPM J.P. Morgan to Shift Up to 1,000 Jobs Out of London Ahead of Brexit https://t.co/MrGV8EFcOa')
('2017-05-03 14:18:53', '@cvpayne @Varneyco @POTUS Hey Charles - do you think Bove has been reading MY Tweets on Chinese banks versus $jpm… https://t.co/TVbWS77FlZ')
('2017-05-03 14:07:09', 'J.P. Morgan to Shift Up to 1,000 Jobs Out of London Ahead of Brexit, $JPM https://t.co/3U2h1CSyOE')
('2017-05-03 14:04:41', 'Market Challenge: Break Up The Banks? https://t.co/IqVxuQ325M $GS $MS $JPM $C $BAC')
('2017-05-03 14:04:32', 'JPM Top news - May 3rd, 2017 $JPM http://https://t.co/68jTQAtWfX')
('2017-05-03 14:03:08', '$GS $MS $JPM $C $BAC:\n\nMarket Challenge: Break Up The Banks?:\n\nhttps://t.co/FHkvtFrUZn')
('2017-05-03 14:03:07', '$JPM:\n\nJP Morgan to Shift Up to 1000 Jobs Out of London Ahead of Brexit:\n\nhttps://t.co/GI2TrEtLaI')
('2017-05-03 14:02:26', '$SPX $SPY red with BANKS green... $BAC $JPM $GS $C.... #observation')
('2017-05-03 14:00:16', 'Market Challenge: Break Up The Banks? https://t.co/XEeSH3LKVF $GS $MS $JPM $C $BAC')
('2017-05-03 13:57:12', 'RT @LauraJKeller: JPMorgan has a #Brexit plan. Moving hundreds of staff to 3 EU cities https://t.co/FycLyejMM2 $JPM')
('2017-05-03 13:46:05', 'JPMorgan has a #Brexit plan. Moving hundreds of staff to 3 EU cities https://t.co/FycLyejMM2 $JPM')
('2017-05-03 13:43:40', 'Sony Corp $SNE Rating Reiterated by $GS Goldman Sachs Group Inc https://t.co/WMTNHQDUFV $MS $JPM $C $RJF $EVR $LUK… https://t.co/L2zOE07IKH')
('2017-05-03 13:42:13', 'RT @MarketCurrents: JPMorgan to move hundreds out of London post-Brexit https://t.co/iK9Nen2zUA #premarket $JPM')
('2017-05-03 13:34:18', 'RT @JNTNews: .@jpmorgan @BNYMellon\nNEXT UP: #DEATH by $JNJ #TYLENOL, when used as directed. More undisclosed risk.\nhttps://t.co/KkKXv7TofS…')
('2017-05-03 13:33:08', 'RT @JNTNews: .@jpmorgan @BNYMellon\n$JNJ settling with flood of #TYLENOL #victims in #undisclosed #lawsuits ;o)\nhttps://t.co/8HOeclJkuI\n$JPM…')
('2017-05-03 13:25:51', 'RT @TripleDTrader: Notable opening imbalances: $BAC -256K, $JPM -84K, $PG +102K, $TWTR +177K, $F +169K, $VZ +75K, $GE -80K, $WTW +120K')
('2017-05-03 13:19:07', '@Stephanie_Link best CEOs: $TSLA\n$CRM $NFLX $DPZ $FB $AMZN $TMUS $NVDA $DIS $UA $JPM $BRK-A $REGN $ULTA $SNA $IDXX $WDAY $STZ $EW $AGN $MCD')
('2017-05-03 13:18:30', '$CSCO $AAPL $JPM options have the largest change in open interest. Free options screener. https://t.co/JDQqC7jIjD')
('2017-05-03 13:18:10', 'RT @TripleDTrader: Notable opening imbalances: $BAC -256K, $JPM -84K, $PG +102K, $TWTR +177K, $F +169K, $VZ +75K, $GE -80K, $WTW +120K')
('2017-05-03 13:16:52', 'Notable opening imbalances: $BAC -256K, $JPM -84K, $PG +102K, $TWTR +177K, $F +169K, $VZ +75K, $GE -80K, $WTW +120K')
('2017-05-03 13:13:12', 'The 4 Most Popular Bank Websites https://t.co/pJNhrRj2em $BAC $WFC $JPM $PYPL https://t.co/z3WP2jP4lP')
('2017-05-03 13:12:36', 'JPMorgan Chase &amp; Co. $JPM Upgraded to “Outperform” at Vining Sparks https://t.co/FWPFSm8Zt3')
('2017-05-03 13:12:35', 'JPMorgan Chase &amp; Co. $JPM Upgraded to “Outperform” at Vining Sparks https://t.co/VwIUbe77VD')
('2017-05-03 13:11:06', '$JPM:\n\nJPMorgan to move hundreds out of London post-Brexit:\n\nhttps://t.co/mEI0fT6K4J')
('2017-05-03 13:09:41', 'Berkshire Hathaway TTM net income now 2nd largest after Apple. Top 5 are: $AAPL $45.2 Billion\n$BRK  24\n$JPM  22.6\n$WFC 20.4\n$GOOG 19.5')
('2017-05-03 13:09:36', 'JPMorgan to move hundreds out of London post-Brexit https://t.co/KuuxpgrRZ2 #premarket $JPM #sitifatimah #malaysia #financialplanning')
('2017-05-03 13:08:25', 'JPMorgan to move hundreds out of London post-Brexit https://t.co/V29G5zekH7 #premarket $JPM')
('2017-05-03 13:08:25', 'JPMorgan to move hundreds out of London post-Brexit https://t.co/iK9Nen2zUA #premarket $JPM')
('2017-05-03 12:35:26', '$JPM  JPMorgan to Move Hundreds of Staff to Three EU Offices on Brexit https://t.co/upKvgRaU8n')
('2017-05-03 12:23:36', 'CMH Wealth Management LLC Buys New Position in JPMorgan Chase &amp; Co. $JPM https://t.co/fzHekfoJ54')
('2017-05-03 12:22:46', 'Oberweis Asset Management Inc. Decreases Stake in JPMorgan Chase &amp; Co. $JPM https://t.co/M2LX1ZXLc2')
('2017-05-03 12:18:40', 'Stacey Friedman Sells 10,792 Shares of JPMorgan Chase &amp; Co. $JPM Stock https://t.co/1ZPArle5eh')
('2017-05-03 12:16:59', '#JPMorganChase JP Morgan to move hundreds of jobs out of UK due to Brexit. Read more: https://t.co/bWF3IBlUna $JPM')
('2017-05-03 12:13:53', 'RT @Hotpage_News: JPMORGAN TO MOVE STAFF to Three EU Offices Because of Brexit $JPM - BLOOMBERG https://t.co/NHWSGoAj1x')
('2017-05-03 12:04:07', 'JPMORGAN TO MOVE STAFF to Three EU Offices Because of Brexit $JPM - BLOOMBERG https://t.co/DtPoKGVXrY')
('2017-05-03 12:04:07', 'JPMORGAN TO MOVE STAFF to Three EU Offices Because of Brexit $JPM - BLOOMBERG https://t.co/NHWSGoAj1x')
('2017-05-03 11:37:24', 'RT @moneymorning: #JPMorgan $JPM relocates hundreds out of London to three #EU locations because: #Brexit https://t.co/Ln1Ly2An26 #markets')
('2017-05-03 11:26:22', '#JPMorgan $JPM relocates hundreds out of London to three #EU locations because: #Brexit https://t.co/Ln1Ly2An26 #markets')
('2017-05-03 11:18:25', 'Focused Wealth Management Inc Has $432,000 Stake in JPMorgan Chase &amp; Co. $JPM https://t.co/mLY5dqQDYy')
('2017-05-03 11:18:24', 'Focused Wealth Management Inc Has $432,000 Stake in JPMorgan Chase &amp; Co. $JPM https://t.co/NXuzk2kaOJ')
('2017-05-03 11:12:31', 'Spiros Segalas Invests in JPMorgan, Mastercard, Texas Instruments $NFLX $MA $AVGO $CHTR $EOG $TXN $PH $JPM https://t.co/YB64BhbzNa')
('2017-05-03 10:58:53', 'RT @jpmorgan: $JPM Private Bank surveyed European investors on market expectations. Read the results: https://t.co/YoWfiGLxSK https://t.co/…')
('2017-05-03 10:44:50', 'JPMorgan to move hundreds of jobs from London due to Brexit $JPM https://t.co/OKE8P1hz7Z')
('2017-05-03 10:38:14', 'Short Banks - no rate hike in June $JPM https://t.co/rXsb0qzydN TV_TradingIdeas')
('2017-05-03 10:36:00', 'JPMorgan Chase &amp; Co. $JPM Expected to Earn Q4 2017 Earnings of $1.66 Per Share https://t.co/U5JMJTCq4R')
('2017-05-03 10:31:49', 'Short Banks - no rate hike in June $JPM https://t.co/yhwW4DOdgy')
('2017-05-03 10:19:19', '@FauxEricCantor @BI_contributors Agree, many companies including $AAPL &amp; $GE , along w $JPM are not paying their fa… https://t.co/Z9O6YE9o7b')
('2017-05-03 10:15:58', '$JPM New SEC Document(s) for JPMorgan Chase &amp; Co.\nFrom our Stock News Alerts App')
('2017-05-03 10:08:21', 'How Preferred Stock Investors Can Keep Up With Increasing Rates https://t.co/U39vpfGo3U $ALL $BAC $EIX $FRC $JPM $KEY $USB $WFC')
('2017-05-03 10:06:03', "JAMIE DIMON: Companies 'have a moral obligation' to do more for society https://t.co/ynRIuzyFV0 via @bi_contributors $JPM")
('2017-05-03 09:56:20', 'AE Wealth Management LLC Takes Position in JPMorgan Chase &amp; Co. $JPM https://t.co/Y2ee4joVAC')
('2017-05-03 09:56:19', 'AE Wealth Management LLC Takes Position in JPMorgan Chase &amp; Co. $JPM https://t.co/WoYArNPyOH')
('2017-05-03 09:56:19', 'AE Wealth Management LLC Takes Position in JPMorgan Chase &amp; Co. $JPM https://t.co/Cuo8ugNxW2')
('2017-05-03 09:56:17', 'AE Wealth Management LLC Takes Position in JPMorgan Chase &amp; Co. $JPM https://t.co/o4rMy6Kq6t #stocks')
('2017-05-03 09:55:39', 'Oberweis Asset Management Inc. Decreases Stake in JPMorgan Chase &amp; Co. $JPM https://t.co/kI1uVUvuNW')
('2017-05-03 09:55:28', 'Oberweis Asset Management Inc. Decreases Stake in JPMorgan Chase &amp; Co. $JPM https://t.co/DlLf28HJTN')
('2017-05-03 09:54:32', 'I.G. Investment Management LTD. Lowers Position in JPMorgan Chase &amp; Co. $JPM https://t.co/oDk61Qrzf2')
('2017-05-03 09:52:31', 'CMH Wealth Management LLC Buys New Position in JPMorgan Chase &amp; Co. $JPM https://t.co/j4HaOneLj9')
('2017-05-03 09:51:20', '3,830 Shares in JPMorgan Chase &amp; Co. $JPM Acquired by SNS Financial Group LLC https://t.co/PAc7FZhSie')
('2017-05-03 09:50:47', 'RT @jpmorgan: $JPM Private Bank surveyed European investors on market expectations. Read the results: https://t.co/YoWfiGLxSK https://t.co/…')
('2017-05-03 09:48:02', '#JPMorganChase BRIEF-organ estimates possible legal costs in excess of reserves at about $2.... Read more: https://t.co/54LhDAubHP $JPM')
('2017-05-03 08:50:31', 'WILL DO NOTHING FOR EFFICIENCY $JPM moving  #London bankers to Dublin, Frankfurt, Luxembourg because of Brexit https://t.co/ANfOegOMR1')
('2017-05-03 08:44:43', '#JPMorganChase JP Morgan prepares to move hundreds of jobs to Europe as hard Brexit looms. Read more: https://t.co/dGzSlN7EaI $JPM')
('2017-05-03 08:44:06', '#JPMorganChase Brexit: #organChase to move hundreds of bankers to Dublin. Read more: https://t.co/KKkDdmND4T $JPM')
('2017-05-03 08:38:28', '#JPMorganChase #organChase plans to move hundreds of bankers to Dublin. Read more: https://t.co/dNzzAyZqd2 $JPM')
('2017-05-03 07:15:16', 'Banco Santander S.A. Buys New Stake in JPMorgan Chase &amp; Co. $JPM https://t.co/nCmPaLuhGP')
('2017-05-03 06:22:08', 'Keefe, Bruyette &amp; Woods Reiterates Market Perform Rating for JPMorgan Chase &amp; Co. $JPM https://t.co/FSxy8eVwvB')
('2017-05-03 06:13:11', '#JPMorganChase #organChase &amp; Co : JPMC&amp;Co. Form 10-Q (1Q 2017). Read more: https://t.co/1t6cjVQVet $JPM')
('2017-05-03 06:04:05', '$JPM:\n\nJPMorgan Chase &amp; Co UK Regulatory Announcement: JPMorgan …:\n\nhttps://t.co/5g6CdhjteE')
('2017-05-03 06:02:01', '$JPM:\n\nJPMorgan Chase Files Form 10-Q for the Quarter Ended March 31 …:\n\nhttps://t.co/nB5IMKLRf3')
('2017-05-03 05:13:59', 'RT @SharePlanner: Short Setups If There is a Short-Term Breakdown - $HRS $JPM $FINL $FDX $EBAY $CE $CBS $DGI $CAVM $BG $KS https://t.co/PXL…')
('2017-05-03 05:10:10', 'RT @InvestorHangout: The BEST Stock Charts! $AAPL $AMZN $TWTR $FB $NFLX $DIS $SIRI $INTC $JPM $CHK $CMCSA $GOOG $PFE $XOM $DOLV\nJoin Here h…')
('2017-05-03 05:10:10', 'RT @InvestorHangout: The BEST Stock Charts! $AAPL $AMZN $TWTR $FB $NFLX $DIS $SIRI $INTC $JPM $CHK $CMCSA $GOOG $PFE $XOM $DOLV\nJoin Here h…')
('2017-05-03 05:10:10', 'RT @InvestorHangout: The BEST Stock Charts! $AAPL $AMZN $TWTR $FB $NFLX $DIS $SIRI $INTC $JPM $CHK $CMCSA $GOOG $PFE $XOM $DOLV\nJoin Here h…')
('2017-05-03 05:10:10', 'RT @InvestorHangout: The BEST Stock Charts! $AAPL $AMZN $TWTR $FB $NFLX $DIS $SIRI $INTC $JPM $CHK $CMCSA $GOOG $PFE $XOM $DOLV\nJoin Here h…')
('2017-05-03 05:10:10', 'RT @InvestorHangout: The BEST Stock Charts! $AAPL $AMZN $TWTR $FB $NFLX $DIS $SIRI $INTC $JPM $CHK $CMCSA $GOOG $PFE $XOM $DOLV\nJoin Here h…')
('2017-05-03 05:10:10', 'RT @InvestorHangout: The BEST Stock Charts! $AAPL $AMZN $TWTR $FB $NFLX $DIS $SIRI $INTC $JPM $CHK $CMCSA $GOOG $PFE $XOM $DOLV\nJoin Here h…')
('2017-05-03 05:10:10', 'RT @InvestorHangout: The BEST Stock Charts! $AAPL $AMZN $TWTR $FB $NFLX $DIS $SIRI $INTC $JPM $CHK $CMCSA $GOOG $PFE $XOM $DOLV\nJoin Here h…')
('2017-05-03 05:10:10', 'RT @InvestorHangout: The BEST Stock Charts! $AAPL $AMZN $TWTR $FB $NFLX $DIS $SIRI $INTC $JPM $CHK $CMCSA $GOOG $PFE $XOM $DOLV\nJoin Here h…')
('2017-05-03 05:10:09', 'RT @InvestorHangout: The BEST Stock Charts! $AAPL $AMZN $TWTR $FB $NFLX $DIS $SIRI $INTC $JPM $CHK $CMCSA $GOOG $PFE $XOM $DOLV\nJoin Here h…')
('2017-05-03 05:10:09', 'RT @InvestorHangout: The BEST Stock Charts! $AAPL $AMZN $TWTR $FB $NFLX $DIS $SIRI $INTC $JPM $CHK $CMCSA $GOOG $PFE $XOM $DOLV\nJoin Here h…')
('2017-05-03 05:10:09', 'RT @InvestorHangout: The BEST Stock Charts! $AAPL $AMZN $TWTR $FB $NFLX $DIS $SIRI $INTC $JPM $CHK $CMCSA $GOOG $PFE $XOM $DOLV\nJoin Here h…')
('2017-05-03 05:10:09', 'RT @InvestorHangout: The BEST Stock Charts! $AAPL $AMZN $TWTR $FB $NFLX $DIS $SIRI $INTC $JPM $CHK $CMCSA $GOOG $PFE $XOM $DOLV\nJoin Here h…')
('2017-05-03 05:10:09', 'RT @InvestorHangout: The BEST Stock Charts! $AAPL $AMZN $TWTR $FB $NFLX $DIS $SIRI $INTC $JPM $CHK $CMCSA $GOOG $PFE $XOM $DOLV\nJoin Here h…')
('2017-05-03 05:10:09', 'RT @InvestorHangout: The BEST Stock Charts! $AAPL $AMZN $TWTR $FB $NFLX $DIS $SIRI $INTC $JPM $CHK $CMCSA $GOOG $PFE $XOM $DOLV\nJoin Here h…')
('2017-05-03 05:10:09', 'RT @InvestorHangout: The BEST Stock Charts! $AAPL $AMZN $TWTR $FB $NFLX $DIS $SIRI $INTC $JPM $CHK $CMCSA $GOOG $PFE $XOM $DOLV\nJoin Here h…')
('2017-05-03 05:10:08', 'RT @InvestorHangout: The BEST Stock Charts! $AAPL $AMZN $TWTR $FB $NFLX $DIS $SIRI $INTC $JPM $CHK $CMCSA $GOOG $PFE $XOM $DOLV\nJoin Here h…')
('2017-05-03 05:10:08', 'RT @InvestorHangout: The BEST Stock Charts! $AAPL $AMZN $TWTR $FB $NFLX $DIS $SIRI $INTC $JPM $CHK $CMCSA $GOOG $PFE $XOM $DOLV\nJoin Here h…')
('2017-05-03 05:10:08', 'RT @InvestorHangout: The BEST Stock Charts! $AAPL $AMZN $TWTR $FB $NFLX $DIS $SIRI $INTC $JPM $CHK $CMCSA $GOOG $PFE $XOM $DOLV\nJoin Here h…')
('2017-05-03 05:10:08', 'RT @InvestorHangout: The BEST Stock Charts! $AAPL $AMZN $TWTR $FB $NFLX $DIS $SIRI $INTC $JPM $CHK $CMCSA $GOOG $PFE $XOM $DOLV\nJoin Here h…')
('2017-05-03 05:10:08', 'RT @InvestorHangout: The BEST Stock Charts! $AAPL $AMZN $TWTR $FB $NFLX $DIS $SIRI $INTC $JPM $CHK $CMCSA $GOOG $PFE $XOM $DOLV\nJoin Here h…')
('2017-05-03 05:10:08', 'RT @InvestorHangout: The BEST Stock Charts! $AAPL $AMZN $TWTR $FB $NFLX $DIS $SIRI $INTC $JPM $CHK $CMCSA $GOOG $PFE $XOM $DOLV\nJoin Here h…')
('2017-05-03 05:10:08', 'RT @InvestorHangout: The BEST Stock Charts! $AAPL $AMZN $TWTR $FB $NFLX $DIS $SIRI $INTC $JPM $CHK $CMCSA $GOOG $PFE $XOM $DOLV\nJoin Here h…')
('2017-05-03 05:10:08', 'RT @InvestorHangout: The BEST Stock Charts! $AAPL $AMZN $TWTR $FB $NFLX $DIS $SIRI $INTC $JPM $CHK $CMCSA $GOOG $PFE $XOM $DOLV\nJoin Here h…')
('2017-05-03 05:10:08', 'RT @InvestorHangout: The BEST Stock Charts! $AAPL $AMZN $TWTR $FB $NFLX $DIS $SIRI $INTC $JPM $CHK $CMCSA $GOOG $PFE $XOM $DOLV\nJoin Here h…')
('2017-05-03 05:10:08', 'RT @InvestorHangout: The BEST Stock Charts! $AAPL $AMZN $TWTR $FB $NFLX $DIS $SIRI $INTC $JPM $CHK $CMCSA $GOOG $PFE $XOM $DOLV\nJoin Here h…')
('2017-05-03 05:10:08', 'RT @InvestorHangout: The BEST Stock Charts! $AAPL $AMZN $TWTR $FB $NFLX $DIS $SIRI $INTC $JPM $CHK $CMCSA $GOOG $PFE $XOM $DOLV\nJoin Here h…')
('2017-05-03 05:10:08', 'RT @InvestorHangout: The BEST Stock Charts! $AAPL $AMZN $TWTR $FB $NFLX $DIS $SIRI $INTC $JPM $CHK $CMCSA $GOOG $PFE $XOM $DOLV\nJoin Here h…')
('2017-05-03 05:10:08', 'RT @InvestorHangout: The BEST Stock Charts! $AAPL $AMZN $TWTR $FB $NFLX $DIS $SIRI $INTC $JPM $CHK $CMCSA $GOOG $PFE $XOM $DOLV\nJoin Here h…')
('2017-05-03 05:10:07', 'RT @InvestorHangout: The BEST Stock Charts! $AAPL $AMZN $TWTR $FB $NFLX $DIS $SIRI $INTC $JPM $CHK $CMCSA $GOOG $PFE $XOM $DOLV\nJoin Here h…')
('2017-05-03 05:07:08', 'The BEST Stock Charts! $AAPL $AMZN $TWTR $FB $NFLX $DIS $SIRI $INTC $JPM $CHK $CMCSA $GOOG $PFE $XOM $DOLV\nJoin Her… https://t.co/1HhiJhG9Nn')
('2017-05-03 04:28:13', '$JPM:\n\nJPMorgan Quant Says Buy Bank Puts Before Jobs Data, French Polls:\n\nhttps://t.co/uYveqExWxK')
('2017-05-03 04:05:21', 'JPMorgan Chase &amp; Co. $JPM Position Increased by Guggenheim Capital LLC https://t.co/HAPZp1yEjS')
('2017-05-03 04:05:20', 'JPMorgan Chase &amp; Co. $JPM Position Increased by Guggenheim Capital LLC https://t.co/Cisa3EPZCq')
('2017-05-03 03:55:40', '$JPM JPMorgan to Move Hundreds of Staff to Three EU Offices on Brexit https://t.co/91KgqfVWoS')
('2017-05-03 03:23:03', '$JPM:\n\nJPMorgan to Move Hundreds of Staff to Three EU Offices on Brexit:\n\nhttps://t.co/InNuVCMVU3')
('2017-05-03 03:12:45', "RT @jjjinvesting: Break Up Bank Of America? Don't Drink The Kool-Aid https://t.co/9c1Wxuyi0B $C $WFC $GS $JPM $MS $BAC")
('2017-05-03 03:00:41', 'RT @jpmorgan: $JPM Private Bank surveyed European investors on market expectations. Read the results: https://t.co/YoWfiGLxSK https://t.co/…')
('2017-05-03 02:21:39', 'RT @OphirGottlieb: $JPM For you option premium sellers, there is edge in JPM options https://t.co/SNHV8rFnuI https://t.co/lhbnqfZSRm')
('2017-05-03 02:16:56', 'RT @OphirGottlieb: $JPM For you option premium sellers, there is edge in JPM options https://t.co/SNHV8rFnuI https://t.co/lhbnqfZSRm')
('2017-05-03 02:06:15', 'The 4 Most Popular Bank Websites @themotleyfool #stocks $BAC, $JPM, $WFC, $PYPL https://t.co/dRs2yHZ4EZ')
('2017-05-03 02:05:04', 'RT @OphirGottlieb: $JPM For you option premium sellers, there is edge in JPM options https://t.co/SNHV8rFnuI https://t.co/lhbnqfZSRm')
('2017-05-03 02:04:00', '$JPM For you option premium sellers, there is edge in JPM options https://t.co/SNHV8rFnuI https://t.co/lhbnqfZSRm')
('2017-05-03 01:39:00', 'RT @SharePlanner: Short Setups If There is a Short-Term Breakdown - $HRS $JPM $FINL $FDX $EBAY $CE $CBS $DGI $CAVM $BG $KS https://t.co/PXL…')
('2017-05-03 01:38:29', "RT @hsilverb: World's 10 largest public issues: $AAPL 754B; $MSFT 528; $GOOG/L 523; $AMZN 364; $FB 523; $XOM 337;JNJ $336; $BRK 316; $JPM 3…")
('2017-05-03 01:26:49', 'RT @tradewithjoe: Banks are still trading weak. Short rallies. $C $XLF $JPM $WFC $BAC +++ https://t.co/qGIiA665HJ')
('2017-05-03 01:23:12', '$JPM $PYPL $BAC:\n\nThe 4 Most Popular Bank Websites:\n\nhttps://t.co/NlteTOFo42')
('2017-05-03 01:09:37', "So it's $BAC $JPM and $GS vs Dennis Gartman re: market direction...this should be interesting")
('2017-05-03 00:50:52', 'JPMorgan Chase &amp; Co. $JPM Upgraded by Vetr Inc. to Strong-Buy https://t.co/k9wCStkwqJ')
('2017-05-03 00:50:51', 'JPMorgan Chase &amp; Co. $JPM Upgraded by Vetr Inc. to Strong-Buy https://t.co/VPnVF5fNlc')
('2017-05-03 00:45:03', "RT @jpmorgan: $JPM's Oliver Gregson: Europe presents selective opportunities. https://t.co/YoWfiGLxSK https://t.co/Tw8jVKu4rV")
('2017-05-02 23:25:23', 'Big day for Qs today. $CVS, $JPM, $BAC, $GOOG and $TWTR')
('2017-05-02 23:10:17', "RT @theflynews: REPORT: BJ's Wholesale Club gives up on IPO, hires JPMorgan to find buyer in the $4B-$4.5B range: https://t.co/DasueDuf4F $…")
('2017-05-02 22:51:05', 'RT @SharePlanner: Short Setups If There is a Short-Term Breakdown - $HRS $JPM $FINL $FDX $EBAY $CE $CBS $DGI $CAVM $BG $KS https://t.co/PXL…')
('2017-05-02 22:08:55', "RT @jpmorgan: $JPM's Oliver Gregson: Europe presents selective opportunities. https://t.co/YoWfiGLxSK https://t.co/Tw8jVKu4rV")
('2017-05-02 22:02:44', "The Eurodollar's Soul; Part 2 $JPM $WFC https://t.co/VxrofuIDrV")
('2017-05-02 22:01:31', '#Breaking Apple iPhone sales slip 1.5% Revenue at $52.9B vs $53.02B Expected #earnings #stocks #WallStreet $AAPL #NYC $GS $JPM $MS $C $WFC')
('2017-05-02 21:49:39', '$spx $nasdaq $es_f $nq_f $zb_f $cl_f $gc_f $aapl $jpm $googl $amzn $nflx $amzn $tsla $nvda $baba $gs $jpm $v Al Bro… https://t.co/Q8E620J407')
('2017-05-02 21:48:48', '$XOM $amzn $googl $AVGO $AAPL $pfe $cvs $bac $td $WMT $COST $WFC $jnj $GE $GS $tsla $utx $fb $c $JPM $dis $MCD $mo… https://t.co/LoN4XLapvm')
('2017-05-02 21:20:08', 'Quantum Capital Management Lowers Stake in JPMorgan Chase &amp; Co. $JPM https://t.co/Qr4FfuTRKp')
('2017-05-02 21:11:40', 'RT @The_Dumb_Money: @pdacosta @businessinsider uh, breaking up $JPM would actually help Goldman....')
('2017-05-02 21:11:28', 'FREE REPORT\nHow do #equity #investment #HedgeFunds see #stocks\n$FB $GE $JNJ $JPM $MSFT\nin the coming weeks?… https://t.co/pJNds1WLN9')
('2017-05-02 21:08:44', '$JPM JPMorgan Chase Files Form 10-Q for the Quarter Ended March 31, 2017 https://t.co/Twm4URStte')
('2017-05-02 21:07:21', '#JPMorganChase #organChase Files Form 10-Q for the Quarter Ended March 31, 2017. Read more: https://t.co/zFaLGfUW3z $JPM')
('2017-05-02 20:55:02', 'RT @SharePlanner: Short Setups If There is a Short-Term Breakdown - $HRS $JPM $FINL $FDX $EBAY $CE $CBS $DGI $CAVM $BG $KS https://t.co/PXL…')
('2017-05-02 20:49:20', 'Short Setups If There Is A Short-Term Breakdown $ABT $ACM $AMD $BG $DFS $DGI $DHI $GM $GS $HRS $JPM $LUK $RF $TRGP https://t.co/SBvZ38n3Ds')
('2017-05-02 20:48:14', '$JPM JPMorgan Chase Files Form 10-Q for the Quarter Ended March 31, 2017\nFrom our Stock News Alerts App')
('2017-05-02 20:36:42', "RT @jpmorgan: $JPM's Oliver Gregson: Europe presents selective opportunities. https://t.co/YoWfiGLxSK https://t.co/Tw8jVKu4rV")
('2017-05-02 20:31:09', '$JPM New SEC Document(s) for JPMorgan Chase &amp; Co.\nFrom our Stock News Alerts App')
('2017-05-02 20:23:19', '$JPM Todays trading with JPMorgan Chase &amp; Co. for $86.505 on date May 02, 2017. #Finance')
('2017-05-02 20:13:37', 'Short Setups If There is a Short-Term Breakdown - $HRS $JPM $FINL $FDX $EBAY $CE $CBS $DGI $CAVM $BG $KS https://t.co/PXL0B3ZFew')
('2017-05-02 20:13:18', 'JPMorgan Chase &amp; Co. $JPM Forecasted to Post Q1 2017 Earnings of $1.47 Per Share https://t.co/pGGnXcne1k')
('2017-05-02 20:11:46', "RT @jpmorgan: $JPM's Oliver Gregson: Europe presents selective opportunities. https://t.co/YoWfiGLxSK https://t.co/Tw8jVKu4rV")
('2017-05-02 20:08:58', "RT @jpmorgan: $JPM's Oliver Gregson: Europe presents selective opportunities. https://t.co/YoWfiGLxSK https://t.co/Tw8jVKu4rV")
('2017-05-02 20:00:04', "$JPM's Oliver Gregson: Europe presents selective opportunities. https://t.co/YoWfiGLxSK https://t.co/Tw8jVKu4rV")
('2017-05-02 19:58:00', 'Beware Bank of America Corp (BAC) Stock and the Extreme Bulls https://t.co/7QpnVMnkVF $BAC $JPM $C #banks #options #trade #puts')
('2017-05-02 19:56:31', 'Beware Bank of America Corp (BAC) Stock and the Extreme Bulls https://t.co/4tcV2craJj $BAC $JPM $C #banks #options… https://t.co/o2wozxBecV')
('2017-05-02 19:56:31', 'Beware Bank of America Corp (BAC) Stock and the Extreme Bulls https://t.co/oFPeL5qiED $BAC $JPM $C #banks #options… https://t.co/BDI1Nm44nT')
('2017-05-02 19:24:36', '$CSCO $AAPL $JPM options have the largest change in open interest. Free options screener. https://t.co/JDQqC7jIjD')
('2017-05-02 19:24:36', 'Long #European #banks $LNSTY $MB.MI $MDIBY $UBG.MI $UNCFF $BBVA $SAN $FAZ more attractive than American sell $BAC $WFC $C $MS $GS $JPM $BPOP')
('2017-05-02 19:17:36', 'RT @davidmoadel: $SPY Goldman Joins JPM On The Bearish Side, Although Gartman "Remains Bullish Of Stock Prices" https://t.co/KGijPu6PeL $GS…')
('2017-05-02 19:06:11', 'RT @davidmoadel: $SPY Goldman Joins JPM On The Bearish Side, Although Gartman "Remains Bullish Of Stock Prices" https://t.co/KGijPu6PeL $GS…')
('2017-05-02 19:06:07', 'RT @davidmoadel: $JPM JPMorgan Lists Six "Red Flags" Why It Is Starting To Sell #Stocks https://t.co/lxZxrlxJrQ $SPY $DIA $DJIA $QQQ #stock…')
('2017-05-02 19:05:21', 'RT @davidmoadel: $SPY Goldman Joins JPM On The Bearish Side, Although Gartman "Remains Bullish Of Stock Prices" https://t.co/KGijPu6PeL $GS…')
('2017-05-02 19:03:22', '$JPM filed Form 424B2 with the SEC. Most mentioned words: notes, index, value, interest, pc')
('2017-05-02 18:40:33', "RT @StockTwits: 29 companies have already reported Q1 2017 earnings. Here's a list to catch you up: https://t.co/zfR26OJNjL\n\n$JPM  $WFC $NK…")
('2017-05-02 18:34:15', 'Hey @zerohedge remember $JPM Kolanovic said not to buy dip mid April.. $SPY https://t.co/hsF0UeZUtM')
('2017-05-02 18:34:00', '$SPY Goldman Joins JPM On The Bearish Side, Although Gartman "Remains Bullish Of Stock Prices" https://t.co/KGijPu6PeL $GS $JPM #stocks $QQQ')
('2017-05-02 18:23:45', '.@jpmorgan @BNYMellon\n$JNJ settling with flood of #TYLENOL #victims in #undisclosed #lawsuits ;o)\nhttps://t.co/8HOeclJkuI\n$JPM $BK')
('2017-05-02 18:19:37', '.@jpmorgan @BNYMellon\nNEXT UP: #DEATH by $JNJ #TYLENOL, when used as directed. More undisclosed risk.\nhttps://t.co/KkKXv7TofS\n$JPM $BK')
('2017-05-02 18:00:51', '#JPMorganChase organ Russ : Closed Period Announcement. Read more: https://t.co/S0aJQ6RJKV $JPM')
('2017-05-02 17:58:42', "RT @jpmorgan: Explore how $JPM's Depositary Receipts team has helped foreign companies grow over the last 90 years: https://t.co/pUARZHjUOe…")
('2017-05-02 17:58:15', "RT @jpmorgan: Explore how $JPM's Depositary Receipts team has helped foreign companies grow over the last 90 years: https://t.co/pUARZHjUOe…")
('2017-05-02 17:57:30', "$JPM been struggling all day to regain last week's low @ $86.42")
('2017-05-02 17:56:05', '#Stocks &amp; #Politics: President #Trump Considers Breaking Up Big #Banks. $JPM $WFC $C $BAC https://t.co/uOjqPB6BrF https://t.co/DcEXV9WyKE')
('2017-05-02 17:45:30', '13:24 ET Volume Leader #52 - JPM 7,447,769 JP Morgan Chase &amp; Co $JPM 86.41 -0.65 -0.75% High today of 86.88 da https://t.co/Vu1hOovJcp')
('2017-05-02 17:44:08', 'Profit From JPMorgan Stock No Matter What $JPM https://t.co/YFSjCdAJF5')
('2017-05-02 17:43:35', 'RT @WallStCynic: $JPM\'s Dimon on China(@ Milken Conf last night): "They\'ve kicked out all foreigners twice in their history. They might do…')
('2017-05-02 17:40:27', 'Profit From JPMorgan Stock No Matter What $JPM https://t.co/YM4hOWouUr')
('2017-05-02 17:28:57', "Break Up Bank Of America? Don't Drink The Kool-Aid https://t.co/9c1Wxuyi0B $C $WFC $GS $JPM $MS $BAC")
('2017-05-02 17:28:28', 'HSBC is set to report a large drop in first-quarter revenue https://t.co/LwtsoyMWVB  hmm...Are BANKS GARBAGE ?  $BAC  $JPM')
('2017-05-02 17:19:35', 'JPMorgan Chase &amp; Co. $JPM Upgraded at Vining Sparks https://t.co/pCPRWr2YFv')
('2017-05-02 17:13:03', '@pdacosta @businessinsider uh, breaking up $JPM would actually help Goldman....')
('2017-05-02 17:11:04', '$JPM JPMorgan Lists Six "Red Flags" Why It Is Starting To Sell #Stocks https://t.co/lxZxrlxJrQ $SPY $DIA $DJIA $QQQ #stockmarket #investing')
('2017-05-02 17:06:16', "#JPMorganChase #organChase's Customer Satisfaction Scores Aren't What You'd Expect. Read more: https://t.co/BKa6dde790 $JPM")
('2017-05-02 16:59:53', '3 Proxies of the Global Banking Environment $JPM $MS $GS https://t.co/l6uGscMpCG')
('2017-05-02 16:55:23', '3 Proxies of the Global Banking Environment $JPM $MS $GS https://t.co/oJl6lRqKRx')
('2017-05-02 16:43:14', 'JPMorgan Chase &amp; Co. $JPM Lowered to Buy at Vetr Inc. https://t.co/AGjwPWkBhI')
('2017-05-02 16:42:36', 'JPMorgan Chase &amp; Co. $JPM Upgraded at Vining Sparks https://t.co/YipocWVzvJ')
('2017-05-02 16:19:16', "$JPM close is important today, over/under $86.42 (last week's low)")
('2017-05-02 16:09:14', 'RT @MWM76: $XLF Trump going to spook the market here, Fins have topped and look shaky! Loaded $JPM $C and $MS puts! Correction Time!')
('2017-05-02 16:08:54', 'RT @SpeedyCalls: $JPM 86 Puts BUYING Activity expiring on 5th May, Vol 2000')
('2017-05-02 16:00:36', "RT @theflynews: REPORT: BJ's Wholesale Club gives up on IPO, hires JPMorgan to find buyer in the $4B-$4.5B range: https://t.co/DasueDuf4F $…")
('2017-05-02 15:56:34', "RT @theflynews: REPORT: BJ's Wholesale Club gives up on IPO, hires JPMorgan to find buyer in the $4B-$4.5B range: https://t.co/DasueDuf4F $…")
('2017-05-02 15:56:25', 'BJ’s Wholesale Club Said to Hire $JPM To Find  Find Buyer: NY Post\n\nseems like these needs to sell selves is growing leaps &amp; bounds')
('2017-05-02 15:53:34', "REPORT: BJ's Wholesale Club gives up on IPO, hires JPMorgan to find buyer in the $4B-$4.5B range: https://t.co/DasueDuf4F $AMZN $JPM")
('2017-05-02 15:49:27', '$JPM 85.5 Puts BUYING Activity expiring on 12th May, Vol 1985')
('2017-05-02 15:49:00', '$JPM 86 Puts BUYING Activity expiring on 5th May, Vol 2000')
('2017-05-02 15:41:13', 'BJ’s Wholesale Club enlists $JPM to help find buyer, NY Post says https://t.co/sbrQkaQUHr')
('2017-05-02 15:32:51', 'RT @realNick1st: #Breaking $TWTR surges 5% after Mark Cuban buys #stocks impressed with its AI #WallStreet $BX $BLK $JPM $GS $MS $C $GOOGL…')
('2017-05-02 15:28:52', '#BJs for sale. Enlists $JPM to find a buyer')
('2017-05-02 15:28:50', '#Breaking $TWTR surges 5% after Mark Cuban buys #stocks impressed with its AI #WallStreet $BX $BLK $JPM $GS $MS $C $GOOGL #TuesdayMotivation')
('2017-05-02 15:28:04', 'RT @jpmorgan: $JPM Private Bank surveyed European investors on market expectations. Read the results: https://t.co/YoWfiGLxSK https://t.co/…')
('2017-05-02 15:11:41', '@ajb_powell American Banker reporting on a talk he gave last night. $JPM')
('2017-05-02 15:09:07', '$JPM\'s Dimon on China(@ Milken Conf last night): "They\'ve kicked out all foreigners twice in their history. They might do it again."')
('2017-05-02 15:03:16', "RT @vieiraUAE: How's your long position in $GM suckers @jpmorgan $JPM https://t.co/RZnHIXXaCc")
('2017-05-02 15:03:02', "How's your long position in $GM suckers @jpmorgan $JPM https://t.co/RZnHIXXaCc")
('2017-05-02 15:02:16', '$JPM filed Form 424B2 with the SEC. Most mentioned words: notes, value, index, supplement, fund')
('2017-05-02 15:01:14', 'RT @jpmorgan: $JPM Private Bank surveyed European investors on market expectations. Read the results: https://t.co/YoWfiGLxSK https://t.co/…')
('2017-05-02 14:58:45', "RT @jpmorgan: Crucial to a successful corporate responsibility approach: test, learn, iterate.\xa0Learn more in $JPM's new CR Report https://t…")
('2017-05-02 14:56:18', 'RT @jpmorgan: $JPM Private Bank surveyed European investors on market expectations. Read the results: https://t.co/YoWfiGLxSK https://t.co/…')
('2017-05-02 14:55:05', 'SPDR S&amp;P 500 ETF Experiences Big Inflow $SPY $JPM $BAC $PM #etfs https://t.co/hnAjm5G4F7')
('2017-05-02 14:46:38', 'RT @maxjcm: $JPM exits #R3 to pursue Enterprise #Ethereum Alliance &amp; its own distributed ledger tech #DLT\n\n#blockchain \n\nhttps://t.co/BoFyl…')
('2017-05-02 14:38:39', 'RT @jpmorgan: $JPM Private Bank surveyed European investors on market expectations. Read the results: https://t.co/YoWfiGLxSK https://t.co/…')
('2017-05-02 14:31:51', '$SNE #SONY  ready for #analysts #upgrades https://t.co/tEL5sybCh6 $BNS $JPM $MS $GS $PIEJF $WFC $RBC $C $RJF $EVR… https://t.co/RoAHBAMTik')
('2017-05-02 14:30:12', '#JPMorganChase Exclusive: #organChase to grant $400K to Morehouse to grow minority, women-ow... Read more: https://t.co/r0iPbwszx7 $JPM')
('2017-05-02 14:30:06', '$JPM:\n\nQuick Big Bank Comparison:\n\nhttps://t.co/yOPVa25sNT')
('2017-05-02 14:29:35', '#JPMorganChase organ Chinese IT : Directorate Change. Read more: https://t.co/PjPeLAd8nP $JPM')
('2017-05-02 14:28:07', "$JPM under last week's low")
('2017-05-02 14:27:44', '#JPMorganChase MOVES-JP Morgan hires Mallgrave as part of cash equities push. Read more: https://t.co/MMLqHOQAMZ $JPM')
('2017-05-02 14:27:15', 'Quick Big Bank Comparison https://t.co/32JxFCnSv4 $JPM $BAC $WFC')
('2017-05-02 14:27:06', '#JPMorganChase organ Says Buy 5 Top Banks on Recent Sector Weakness. Read more: https://t.co/CglEA0sFzv $JPM')
('2017-05-02 14:26:56', 'Quick Big Bank Comparison https://t.co/obMKnIBm16 $JPM $BAC $WFC')
('2017-05-02 14:26:29', '#JPMorganChase organ just announced a big shakeup in its trading business. Read more: https://t.co/FTA74qP2pw $JPM')
('2017-05-02 14:23:01', '$XLF Trump going to spook the market here, Fins have topped and look shaky! Loaded $JPM $C and $MS puts! Correction Time!')
('2017-05-02 14:11:22', "RT @jpmorgan: $JPM's Blessing: We are here to discuss supporting disadvantaged young people on their journey from school to career. https:/…")
('2017-05-02 14:09:11', 'out at breakeven on $JPM.')
('2017-05-02 14:06:21', 'RT @jpmorgan: $JPM Private Bank surveyed European investors on market expectations. Read the results: https://t.co/YoWfiGLxSK https://t.co/…')
('2017-05-02 14:06:05', 'RT @jpmorgan: $JPM Private Bank surveyed European investors on market expectations. Read the results: https://t.co/YoWfiGLxSK https://t.co/…')
('2017-05-02 14:02:55', 'Just loaded some cheap $JPM &amp; $C puts, breaking up banks is not exactly a rally call, once that blurb sinks in we see some panic selling!')
('2017-05-02 14:01:06', 'JustinBennettFX: Not surprisingly, $BAC has a similar look to the potential head and shoulders I posted on $JPM. https://t.co/LkrCGOIYto\n\n…')
('2017-05-02 14:01:05', 'Not surprisingly, $BAC has a similar look to the potential head and shoulders I posted on $JPM. https://t.co/P1eLP9LXuO')
('2017-05-02 14:00:48', 'RT @jpmorgan: $JPM Private Bank surveyed European investors on market expectations. Read the results: https://t.co/YoWfiGLxSK https://t.co/…')
('2017-05-02 14:00:02', '$JPM Private Bank surveyed European investors on market expectations. Read the results: https://t.co/5arbF7zGIO https://t.co/hk60w7kJFa')
('2017-05-02 13:59:47', '@jpmorgan $JPM Private Bank surveyed European investors on market expectations. Read the results:… https://t.co/nAk8fhfZLS')
('2017-05-02 13:59:36', 'RT @jpmorgan: $JPM Private Bank surveyed European investors on market expectations. Read the results: https://t.co/YoWfiGLxSK https://t.co/…')
('2017-05-02 13:58:57', '$JPM Private Bank surveyed European investors on market expectations. Read the results: https://t.co/YoWfiGLxSK https://t.co/fBhye7pLc5')
('2017-05-02 13:57:03', 'RT @arnabch01: #AI #ML #BigData #HPC #fintech #roboadvisor to revolutionize #AssetManagement #banking $BLK $C $JPM $GS $WFC $MS $BK https:/…')
('2017-05-02 13:53:22', 'RT @arnabch01: #AI #ML #BigData #HPC #fintech #roboadvisor to revolutionize #AssetManagement #banking $BLK $C $JPM $GS $WFC $MS $BK https:/…')
('2017-05-02 13:48:57', "Liar's Poker by Michael Lewis: https://t.co/b8y3x8mLYr $WFM $JPM $C $AAPL $TSLA $NFLX $SPY")
('2017-05-02 13:36:55', 'JPM Top news - May 2nd, 2017 $JPM http://https://t.co/Bxv9NYtmKD')
('2017-05-02 13:36:20', 'SFTW Investor long-term stock recommendation: $JPM JP Morgan Chase &amp; Co (SS: 89) #stocks https://t.co/ajLDr7suct')
('2017-05-02 13:30:27', 'JustinBennettFX: Keeping a close eye on $JPM over the coming days/weeks. https://t.co/0FbBWrJ7AM\n\nKeeping a close eye on $JPM over the com…')
('2017-05-02 13:30:22', 'Keeping a close eye on $JPM over the coming days/weeks. https://t.co/dRYEjTr6Yy')
('2017-05-02 13:29:01', '#DOW top 10, 12 months? #Tech again in 1 + 2 : $AAPL and $MSFT (+56/39%), then $JPM in for the #banks followed by $GS, both of them + 37%.')
('2017-05-02 13:27:25', '$JPM says $AVGO behind wireless charging in next $AAPL iPhone. $AVGO +1.44% pre-market.')
('2017-05-02 13:11:15', 'Stay Away From Bank of America Corp (BAC) Stock https://t.co/FUsm2mDDIS $BAC $WFC $JPM #earnings #banks #financial #bond #market')
('2017-05-02 13:10:31', 'Stay Away From Bank of America Corp (BAC) Stock https://t.co/jx37ZxfbgJ $BAC $WFC $JPM #earnings #banks #financial… https://t.co/kozcP5MlUl')
('2017-05-02 13:10:31', 'Stay Away From Bank of America Corp (BAC) Stock https://t.co/IglzddhPKc $BAC $WFC $JPM #earnings #banks #financial… https://t.co/BQupPRZtdk')
('2017-05-02 13:09:42', 'Putnam Investments LLC Has $728.34 Million Position in JPMorgan Chase &amp; Co. $JPM https://t.co/7nGVPxLcp7')
('2017-05-02 13:05:21', 'Beware Bank of America and Extreme Bulls $BAC $C $JPM -\n https://t.co/hvua5IGM5Q')
('2017-05-02 13:02:39', 'Beware Bank of America and Extreme Bulls $BAC $C $JPM -\n https://t.co/JOMX2TbRxy')
('2017-05-02 12:54:12', 'Zacks: Brokerages Expect JPMorgan Chase &amp; Co. $JPM to Post $1.63 Earnings Per Share https://t.co/MEZJFXLu2q')
('2017-05-02 12:48:48', "RT @StockTwits: Here's how JP Morgan traded after the 'Trump considering breaking up banks' news hit: https://t.co/WuFbm9Jbom\n\n$JPM")
('2017-05-02 12:40:02', '#Activist firm founder, ex #Cravath partner, ex $JPM M&amp;A head #Woolery heads back to #BigLaw King &amp; Spalding https://t.co/820dwBjyEF')
('2017-05-02 12:37:04', '$MA $IBM $USB $V $JPM:\n\nMastercard Set For Record High On Strong Earnings, Sales:\n\nhttps://t.co/MwJyzQtCNZ')
('2017-05-02 12:34:31', '$jpm @jpmorgan Peter Scher on how #skillsforyouth can expand opportunity for young people through training @axios https://t.co/IpEhSoJ798')
('2017-05-02 12:31:23', 'Peter Scher and @JimVandeHei talking about how $jpm model can create sustainable, inclusive economic growth… https://t.co/hfmqzFcPyJ')
('2017-05-02 12:25:29', 'RT @Chase: $JPM reports 1Q17 net income of $6.4B, $1.65 EPS on revenue of $25.6B; ROTCE of 13%. https://t.co/DkixRg0t3h')
('2017-05-02 12:25:18', "RT @Chase: $JPM's Annual Report and Proxy is now available. Read it here: https://t.co/vFrzcwghHs https://t.co/VmyZczgsQC")
('2017-05-02 12:25:11', 'RT @Chase: Jamie Dimon will discuss his annual letter (and more) live over at https://t.co/yc65p56ruS. $JPM #TuneIn https://t.co/2bBCnz0Umb')
('2017-05-02 12:25:09', "RT @Chase: Jamie Dimon's annual shareholder letter just posted. Check it out here. $JPM https://t.co/hMoVGF1Ckf")
('2017-05-02 12:19:42', '1,454 Shares in JPMorgan Chase &amp; Co. $JPM Acquired by Thomas J. Herzfeld Advisors Inc. https://t.co/nbL3YTeeyl')
('2017-05-02 12:16:14', 'LIBOR Triple Damages Loom; Chart Shows How The Banks Won Bets   $BCS  $UBS  $BAC  $C  $CRP  $DB  $HSBC  $JPM   https://t.co/XMQZh2Fr4t')
('2017-05-02 12:13:59', 'Options Trade Ideas for $GIS, $HCLP, $JPM, $PYPL, &amp; $WBA : https://t.co/yosUAsqYBB … … … … \n#OptionsTrading #CoveredCalls #Stocks')
('2017-05-02 11:57:03', '@fa078a2f38c645d @realDonaldTrump And also remember that while Bush/Paulson was forcing $JPM &amp; $BAC to buy defunct… https://t.co/lUx3LJ4T3r')
('2017-05-02 11:48:54', "RT @jpmorgan: Explore how $JPM's Depositary Receipts team has helped foreign companies grow over the last 90 years: https://t.co/pUARZHjUOe…")
('2017-05-02 11:38:25', 'President opens mouth, banks slip https://t.co/3YowQqq5J9 $GS $MS $JPM $C')
('2017-05-02 11:17:02', 'RT @jpmorgan: $JPM rang the @NYSE closing bell in celebration of the 90th anniversary of the Depositary Receipt. https://t.co/pUARZHjUOe ht…')
('2017-05-02 11:16:52', "RT @jpmorgan: Explore how $JPM's Depositary Receipts team has helped foreign companies grow over the last 90 years: https://t.co/pUARZHjUOe…")
('2017-05-02 11:16:39', "RT @jpmorgan: Crucial to a successful corporate responsibility approach: test, learn, iterate.\xa0Learn more in $JPM's new CR Report https://t…")
('2017-05-02 09:45:15', '1,454 Shares in JPMorgan Chase &amp; Co. $JPM Acquired by Thomas J. Herzfeld Advisors Inc. https://t.co/Ck4vs40vzj')
('2017-05-02 09:42:13', 'Putnam Investments LLC Has $728.34 Million Position in JPMorgan Chase &amp; Co. $JPM https://t.co/CGVVEjrdX3')
('2017-05-02 09:41:58', 'JPMorgan Chase &amp; Co. $JPM Shares Bought by Jarislowsky Fraser Ltd https://t.co/hUt0jzwgDc')
('2017-05-02 09:41:08', 'Willis Investment Counsel Lowers Position in JPMorgan Chase &amp; Co. $JPM https://t.co/TeSgP15F0n')
('2017-05-02 09:24:03', '$JPM See what others are saying! #InvestorsHangout $MOG.A $RH $PI $PIR $WTW\n\n https://t.co/15g3yM4rSr')
('2017-05-02 08:43:14', 'JPMorgan Chase &amp; Co.’s $JPM “Neutral” Rating Reiterated at Nomura https://t.co/2Yi2xyPq0X')
('2017-05-02 08:29:41', "RT @Investing_Books: Liar's Poker by Michael Lewis: https://t.co/b8y3x8Enn1 $WFM $JPM $C $AAPL $TSLA $NFLX $SPY")
('2017-05-02 08:21:36', "RT @jpmorgan: Crucial to a successful corporate responsibility approach: test, learn, iterate.\xa0Learn more in $JPM's new CR Report https://t…")
('2017-05-02 08:11:22', '$INFI See what others are saying! #InvestorsHangout $AKS $ARLP $UNVR $GOOG $JPM\n\n https://t.co/uCOqEeNDbZ')
('2017-05-02 07:50:04', '$MLP Share your thoughts here #InvestorsHangout $SPG $MVIS $HYGS $JPM $DWSN\n\n https://t.co/Fcz3EykhHT')
('2017-05-02 07:49:15', 'JPMorgan Chase &amp; Co. $JPM Given Neutral Rating at Nomura https://t.co/dbGm5WZ39z')
('2017-05-02 07:01:50', 'Kovitz Investment Group Partners LLC Reduces Position in JPMorgan Chase &amp; Co. $JPM https://t.co/B9xl4KM3kW')
('2017-05-02 07:01:48', 'JPMorgan Chase &amp; Co. $JPM Price Target Raised to $47.00 at Keefe, Bruyette &amp; Woods https://t.co/nOMM0SFMsd')
('2017-05-02 06:13:32', 'Glacier Peak Capital LLC Invests $129,000 in JPMorgan Chase &amp; Co. $JPM https://t.co/PqXmMyNGl1')
('2017-05-02 05:52:21', 'RT @arnabch01: #AI #ML #BigData #HPC #fintech #roboadvisor to revolutionize #AssetManagement #banking $BLK $C $JPM $GS $WFC $MS $BK https:/…')
('2017-05-02 05:44:11', '$WCG This is a must join site! #InvestorsHangout $AAN $LIFE $JPM $EGRX $HSKA\n\n https://t.co/EJ429M4S4t')
('2017-05-02 05:19:17', '$NSP What do you think about it? #InvestorsHangout $JPM $ACIU $NADL $DRQ $BRK.B\n\n https://t.co/glJAa6ju4m')
('2017-05-02 05:12:41', "Trump says he's actively considering breaking up big #banks https://t.co/h3TWT7BI4v $BAC $C $JPM $WFC #MerrillLynch #portfolio")
('2017-05-02 03:58:01', 'RT @wanninger: Somehow, somewhere in NYC, "someone" is short $JPM, $STI, $WFC, $C, and $MS. https://t.co/I3FyqAyktx')
('2017-05-02 03:57:16', 'JPM 87.06\xa0\xa0\xa0 Updated: 05-01-2017 $JPM Last Trade: 5/1/2017 Last 87.06\xa0\xa0\xa0 Open 87.36 Previous Close 87.06 https://t.co/QXZCHyyjlj')
('2017-05-02 03:46:26', 'JPMorgan Chase &amp; Co. $JPM Given “Market Perform” Rating at Keefe, Bruyette &amp; Woods https://t.co/7NUmFQWxfX')
('2017-05-02 03:46:25', 'JPMorgan Chase &amp; Co. $JPM Given “Market Perform” Rating at Keefe, Bruyette &amp; Woods https://t.co/5vI7m0crSz')
('2017-05-02 03:40:22', "RT @OwensAssetFund: https://t.co/DUMTJqKrB9\nJosh Brown gives warning after Trump's shocking bank comments: 'Do not trade this news' $GS $WF…")
('2017-05-02 03:39:07', "https://t.co/DUMTJqKrB9\nJosh Brown gives warning after Trump's shocking bank comments: 'Do not trade this news' $GS $WFC $BAC $JPM $XLF")
('2017-05-02 02:43:36', 'RT @tradewithjoe: Banks are still trading weak. Short rallies. $C $XLF $JPM $WFC $BAC +++ https://t.co/qGIiA665HJ')
('2017-05-02 02:42:05', 'Banks are still trading weak. Short rallies. $C $XLF $JPM $WFC $BAC +++ https://t.co/qGIiA665HJ')
('2017-05-02 02:28:41', "RT @RudyHavenstein: JP Morgan's lobbying totals. Really odd how they spiked after Glass-Steagall was repealed. $JPM http://t.co/GkdR7VJg2D")
('2017-05-02 02:27:57', "#JPMorganChase J.P. Morgan's Dimon says biggest fear is bad public policy. Read more: https://t.co/46XLc21rvL $JPM")
('2017-05-02 02:12:44', "RT @jpmorgan: Crucial to a successful corporate responsibility approach: test, learn, iterate.\xa0Learn more in $JPM's new CR Report https://t…")
('2017-05-02 02:10:33', 'RT @wanninger: Somehow, somewhere in NYC, "someone" is short $JPM, $STI, $WFC, $C, and $MS. https://t.co/I3FyqAyktx')
('2017-05-02 02:05:38', '$K This is a must join site! #InvestorsHangout $JPM $AMZN $EQIX $NWL $HRS\n\n https://t.co/CzdaIIHzpe')
('2017-05-02 02:00:11', '$CSCO $AAPL $JPM options have the largest change in open interest. Free options screener. https://t.co/JDQqC7jIjD')
('2017-05-02 01:48:41', "RT @RudyHavenstein: JP Morgan's lobbying totals. Really odd how they spiked after Glass-Steagall was repealed. $JPM http://t.co/GkdR7VJg2D")
('2017-05-02 01:43:35', "RT @RudyHavenstein: JP Morgan's lobbying totals. Really odd how they spiked after Glass-Steagall was repealed. $JPM http://t.co/GkdR7VJg2D")
('2017-05-02 01:32:14', "RT @RudyHavenstein: JP Morgan's lobbying totals. Really odd how they spiked after Glass-Steagall was repealed. $JPM http://t.co/GkdR7VJg2D")
('2017-05-02 01:30:21', "RT @RudyHavenstein: JP Morgan's lobbying totals. Really odd how they spiked after Glass-Steagall was repealed. $JPM http://t.co/GkdR7VJg2D")
('2017-05-02 01:27:57', "RT @RudyHavenstein: JP Morgan's lobbying totals. Really odd how they spiked after Glass-Steagall was repealed. $JPM http://t.co/GkdR7VJg2D")
('2017-05-02 01:10:14', 'Somehow, somewhere in NYC, "someone" is short $JPM, $STI, $WFC, $C, and $MS. https://t.co/I3FyqAyktx')
('2017-05-02 01:09:50', 'RT maxjcm: $JPM exits #r3 to pursue Enterprise #ethereum Alliance &amp;amp; its own distributed ledger tech #DLT\n\n#Blockchain')
('2017-05-02 00:42:48', '#JPMorganChase organ defection underscores tough blockchain choices. Read more: https://t.co/SFOVJxd4JP $JPM')
