('2017-04-26 23:55:56', '04/26/17 Volume Leader #36 - AAPL 2031301 Apple Inc $AAPL 143.68 -0.85 -0.59% High today of 144.60 day low  https://t.co/QWosYAmVq5')
('2017-04-26 23:53:52', '.@NaviAvatar1 on #Periscope: Dow Down 21 points $AAPL $AMZN $TWTR $TSLA $NFLX $FB $CMG https://t.co/iQpQszlNWp')
('2017-04-26 23:51:24', 'RT @PrivateCapBlog: iPhone To Be Squeezed In All Chinese Market Segments In 2017 $AAPL https://t.co/uy92h84eEP')
('2017-04-26 23:51:24'," ""RT @jusjay0_0: Join @RobinhoodApp and we'll both get a share of stock like $AAPL $F or $S for free. Make sure to use my link.\n\nhttps://t.â€_"")"
('2017-04-26 23:51:24', 'RT @OMaxInvestments: Possible $FB $TWTR pair trade as $FB made a STwhich may translate2LThigh2day- $AAPL ok $QQQ subject2weakness2 $IBB râ€_')
('2017-04-26 23:51:24', 'RT @MacHashNews: How to find out your Uber rating https://t.co/PAvLxqdU0j #Macworld $AAPL https://t.co/xPgdZhbaK0')
('2017-04-26 23:51:24', 'RT @CapitalHInvest: Apple $AAPL now a trillion dollar company in AUD.')
('2017-04-26 23:46:32', 'Market Commentary For Thur Apr 27 - $SAM $X $TSLA $TWTR $GS $STX $IBM
('2017-04-26 23:46:26'," ""RT @RedDogT3: Today's free recap and look ahead $spx $spx $iwm $aapl $amzn $insy $auph $xle $uwt  https://t.co/MbQ9E76gsH"")"
('2017-04-26 23:45:58'," 'RT @seeitmarket: NEW Blog:  ""Apple Stock Chart Update: Price Nearing $152 Target"" - https://t.co/o9nN8zVGk7  by @TheFibDoctor\n$AAPL')"
('2017-04-26 23:44:42'," ""RT @appleinsider: Editorial: A very false narrative: Samsung Galaxy S8 vs Apple's iPhone @danieleran $AAPL https://t.co/ijghJTNMmw https://â€_"")"
('2017-04-26 23:42:31', 'Apple services will likely to top $7 billion this quarter: https://t.co/iIN7ywLCar $aapl')
('2017-04-26 23:39:27'," ""Join @RobinhoodApp and we'll both get a share of stock like $AAPL $F or $S for free. Make sure to use my link.\n\nhttps://t.co/YMptxmmoCa"")"
('2017-04-26 23:36:13', 'Dow Down 21 points $AAPL $AMZN $TWTR $TSLA $NFLX $FB $CMG https://t.co/3ZOeqqrf52')
('2017-04-26 23:28:51'," ""Join @RobinhoodApp and we'll both get a share of stock like $AAPL $F or $S for free. Make sure to use my link.\n\nhttps://t.co/f8Sq1PWgXA"")"
('2017-04-26 23:26:27', '#Stocks #Traders LEARN The 6 Individual Components of the #Ihcimoku Cloud using $AAPL Chart &gt;&gt; #Trading Help &gt;&gt;&gt;â€_ https://t.co/I6sJI7smO5 â€_')
('2017-04-26 23:26:05'," ""Slickwraps Retro Case protects your iPhone like it's 1984 https://t.co/wC4yF2NBbD #AppleWorldToday $AAPL https://t.co/cWmunY0yxv"")"
('2017-04-26 23:25:05', 'Two tech titans.... which is the better buy for investors though? $GOOG $GOOGL $AAPL https://t.co/5LEm4ho243')
('2017-04-26 23:23:58'," ""Join @RobinhoodApp and we'll both get a share of stock like $AAPL $F or $S for free. Make sure to use my link.\n\nhttps://t.co/Q9WWDlJBxc"")"
('2017-04-26 23:20:09', '#Stocks #Traders LEARN The 6 Individual Components of the #Ihcimoku Cloud using $AAPL Chart &gt;&gt; #Trading Help &gt;&gt;&gt;â€_ https://t.co/sq3tFXMVnV')
('2017-04-26 23:20:07', '#Stocks #Traders LEARN The 6 Individual Components of the #Ihcimoku Cloud using $AAPL Chart &gt;&gt; #Trading Help &gt;&gt;&gt;â€_ https://t.co/M7e9jOa8Bg')
('2017-04-26 23:19:34', '$AMD Superior Performance APUs will cause $AAPL to Switch to AMD from $INTC https://t.co/GPmbazVVSS https://t.co/LvRZGJ2D90')
('2017-04-26 23:18:56', 'Stock Market Wizards by Jack D. Schwager: https://t.co/Cg7WDWpKtS $SPY $AAPL $TSLA #trading #stockmarket')
('2017-04-26 23:18:02'," ""Join @RobinhoodApp and we'll both get a share of stock like $AAPL $F or $S for free. Make sure to use my link.\n\nhttps://t.co/oh75DPoLkf"")"
('2017-04-26 23:15:57', 'Apple Inc. $AAPL PT Raised to $165.00 at JPMorgan Chase &amp; Co. https://t.co/oH5GBIVkd0')
('2017-04-26 23:13:00', '$aapl iPhone once again losing in China. Not good for future share and earnings.')
('2017-04-26 23:12:50'," ""Interesting promo! Join @RobinhoodApp &amp; we'll both get a share of stock like $AAPL $F or $S for free. Use my link.\nhttps://t.co/57gEWTqMM6"")"
('2017-04-26 23:11:55', 'iPhone To Be Squeezed In All Chinese Market Segments In 2017 $AAPL https://t.co/uy92h84eEP')
('2017-04-26 23:10:24', 'FBN Securities Analysts Give Apple Inc. $AAPL a $155.00 Price Target https://t.co/xhPLR7vieK')
('2017-04-26 23:06:52', 'RT @SeekingAlpha: iPhone To Be Squeezed In All Chinese Market Segments In 2017 https://t.co/3tDnQOVGSJ $BABA $JD $AAPL')
('2017-04-26 23:05:29'," ""Join @RobinhoodApp and we'll both get a share of stock like $AAPL $F or $S for free. Make sure to use my link.\n\nhttps://t.co/vqQlFRMauI"")"
('2017-04-26 23:03:54'," ""RT @cheddar: As speculation swirls about new iPhones @imore's @settern says to be wary of delay rumors. #CheddarLIVE $AAPL https://t.co/GGâ€_"")"
('2017-04-26 23:02:04'," ""RT @sergioangon: Join @RobinhoodApp and we'll both get a share of stock like $AAPL $F or $S for free. Make sure to use my link.\n\nhttps://â€_"")"
('2017-04-26 23:00:35', 'Possible $FB $TWTR pair trade as $FB made a STwhich may translate2LThigh2day- $AAPL ok $QQQ subject2weakness2 $IBB remains as super value.')
('2017-04-26 23:00:00', '$IWM was the big recommendation by @cnbc all that chart work lets see what hapens I will CHART it for you. NPâ€_ https://t.co/wdw4M4XcDd')
('2017-04-26 22:54:42', 'FREE REPORT\n#Equity #investment #HedgeFunds reducing #Apple $AAPL and increasing #microsoft $MSFTâ€_ https://t.co/LedVdPoIgQ')
('2017-04-26 22:54:10', 'How to find out your Uber rating https://t.co/PAvLxqdU0j #Macworld $AAPL https://t.co/xPgdZhbaK0')
('2017-04-26 22:53:36', 'Apple $AAPL now a trillion dollar company in AUD.')
('2017-04-26 22:51:50', 'iPhone To Be Squeezed In All Chinese Market Segments In 2017 $AAPL #Apple #iphone #stocks #Finance #China #Retail  https://t.co/zhf7zmttoH')
('2017-04-26 22:51:09', 'RT @CFinancialNews: Appleâ€™s $AAPL Neutral Rating Reaffirmed at Rosenblatt Securities https://t.co/xQuzUFbuiP')
('2017-04-26 22:51:09'," ""RT @TheRealPicaso: Join @RobinhoodApp and we'll both get a share of stock like $AAPL $F or $S for free. Make sure to use my link.\n\nhttps:â€_"")"
('2017-04-26 22:51:09', 'RT @AAPLTree: Not 100% sure on quantitative stuff but:\n\nCurrently Services is the only $AAPL business to CONTINUOUSLY maintain/grow revenâ€_')
('2017-04-26 22:51:08'," 'RT @AAPLTree: My for-""entertainment""-purposes only horseshoe toss for $AAPL FQ2 2017 financial results due up May 2 https://t.co/qa7WPMy7CI')"
('2017-04-26 22:51:08'," ""RT @JKrantz: Join @RobinhoodApp and we'll both get a share of stock like $AAPL $F or $S for free. Make sure to use my link. https://t.co/â€_"")"
('2017-04-26 22:48:28'," ""Join @RobinhoodApp and we'll both get a share of stock like $AAPL $F or $S for free. Make sure to use my link.\n\nhttps://t.co/l261Lhcj1t"")"
('2017-04-26 22:48:10', 'RT @mytradingbuddy: #Stocks #Traders LEARN The 6 Individual Components of the #Ihcimoku Cloud using $AAPL Chart &gt;&gt; #Trading Help &gt;&gt;&gt; https:â€_')
('2017-04-26 22:45:21', '#Stocks #Traders LEARN The 6 Individual Components of the #Ihcimoku Cloud using $AAPL Chart &gt;&gt; #Trading Help &gt;&gt;&gt;â€_ https://t.co/50JzVIKxov')
('2017-04-26 22:41:05'," ""Join @RobinhoodApp and we'll both get a share of stock like $AAPL $F or $S for free. Make sure to use my link.\n\nhttps://t.co/THwBBawiBp"")"
('2017-04-26 22:37:24', '$AAPL:US  Dutch judge bars Apple from replacing faulty iPads with refurbished units #APPLE INC  https://t.co/4NvTNukL0d #NASDAQ')
('2017-04-26 22:34:53', 'Ready to TRADE FULL-TIME? Do it w/our money learn more here:\n\nhttps://t.co/hOAauZPfYB\n\n$LVS $TWTR $NFLX $NVDA $TSLA $AMZN $GOOGL $FB $AAPL')
('2017-04-26 22:34:53', 'Ready to TRADE FULL-TIME? Do it w/our money learn more here:\n\nhttps://t.co/sS85hYs06g\n\n$LVS $TWTR $NFLX $NVDA $TSLA $AMZN $GOOGL $FB $AAPL')
('2017-04-26 22:34:35', 'Ready to TRADE FULL-TIME? Do it w/our money learn more here:\n\nhttps://t.co/hOAauZPfYB\n\n$WYNN $TWTR $NFLX $NVDA $TSLA $AMZN $GOOGL $FB $AAPL')
('2017-04-26 22:34:18', 'As our thanks please choose one of these free trading guides:\n\nhttps://t.co/JTDXZ3j6tY\n\n$NFLX $TSLA $AAPL #MAGA $GS $FB $AMZN $GOOGL $NVDA')
('2017-04-26 22:34:18', 'As our thanks please choose one of these free trading guides:\n\nhttps://t.co/4mJzTXVIW7\n\n$NFLX $TSLA $AAPL #MAGA $GS $FB $AMZN $GOOGL $NVDA')
('2017-04-26 22:34:18', 'As our thanks please choose one of these free trading guides:\n\nhttps://t.co/p4kvcRzFM1\n\n$NFLX $TSLA $AAPL #MAGA $GS $FB $AMZN $GOOGL $NVDA')
('2017-04-26 22:34:18', 'As our thanks please choose one of these free trading guides:\n\nhttps://t.co/M4atUQr2Zu\n\n$NFLX $TSLA $AAPL #MAGA $GS $FB $AMZN $GOOGL $NVDA')
('2017-04-26 22:34:18', 'As our thanks please choose one of these free trading guides:\n\nhttps://t.co/02a8LnzvOL\n\n$NFLX $TSLA $AAPL #MAGA $GS $FB $AMZN $GOOGL $NVDA')
('2017-04-26 22:33:56', '$XLK remind me again do we buy or sell tops? $NFLX $FB $TWTR $AAPL $TSLA $GOOG $AMZN $SNAP $FB $TWTR Todays Trades https://t.co/AAUxpn3lAG')
('2017-04-26 22:29:58'," ""Join @RobinhoodApp and we'll both get a share of stock like $AAPL $F or $S for free. Make sure to use my link.\n\nhttps://t.co/l4tbITJ7a0"")"
('2017-04-26 22:24:36', 'STM -IMHO stock of the year! $AAPL https://t.co/Wyr8SF8c9D TV_TradingIdeas')
('2017-04-26 22:24:19', '#Apple \nApple relative Daily #Volatility Spiking vs #SP500 (daily ratio VXAP / #VIX ) b4 earnings $AAPL #Tradingâ€_ https://t.co/Smk4UCpGHY')
('2017-04-26 22:22:07'," ""Alleged 'iPhone 8' schematic shows wireless charging pad no rear Touch ID https://t.co/SZrBe60Nq7 #AppleInsiderâ€_ https://t.co/Oi5vAqmosX"")"
('2017-04-26 22:21:14', 'STM -IMHO stock of the year! $AAPL https://t.co/2FPRAD5k2L')
('2017-04-26 22:19:22', 'iPhone To Be Squeezed In All Chinese Market Segments In 2017 $AAPL https://t.co/PtrJBCNMrC')
('2017-04-26 22:16:53', 'RT @optioncharts: $AAPL OI for maturity 04/28/2017. 140.00 Highest put. 145.00 Highest call. https://t.co/xjkCQEp6Rw https://t.co/3jGwxdaPAJ')
('2017-04-26 22:16:05', '#Instant #Apple Unlocking $0.99 Cent All #iPhone FOR 3GS 4 4S 5 5C 5S 6 6+ #unlockfusion #icloud #freeunlock #factoryunlock $AAPL #unlock')
('2017-04-26 22:15:05', '#Instant #Apple Unlocking $0.99 Cent All #iPhone FOR 3GS 4 4S 5 5C 5S 6 6+ #unlockfusion #icloud #freeunlock #factoryunlock $AAPL #unlock')
('2017-04-26 22:14:46'," ""RT @appleinsider: Editorial: A very false narrative: Samsung Galaxy S8 vs Apple's iPhone @danieleran $AAPL https://t.co/ijghJTNMmw https://â€_"")"
('2017-04-26 22:13:43'," ""Join @RobinhoodApp and we'll both get a share of stock like $AAPL $F or $S for free. Make sure to use my link.\n\nhttps://t.co/9WPOCZtdCs"")"
('2017-04-26 22:12:40'," ""Amazing trading models at Profectus Systems. Stocks ETF's. Options Futures and Forex. $SPY $AAPL $REN $MOMO $DGAZ $UGAZ $DG $TLT"")"
('2017-04-26 22:08:08'," ""RT @appleinsider: Editorial: A very false narrative: Samsung Galaxy S8 vs Apple's iPhone @danieleran $AAPL https://t.co/ijghJTNMmw https://â€_"")"
('2017-04-26 22:06:25', '#SHR International for the follow #CLOUDUNLOCK Check Out #Apple #iCloud #iPhone $AAPL for #unlock #code https://t.co/sFE120Bm7R')
('2017-04-26 22:06:17', 'Down Moves:\n-1% $EWC\n-0.9% $USO $FEZ $EWZ $EWP\n-0.8% $XLRE $XLP $IYT $SOXX\n-0.7% $JETS\n-0.6% $AAPL $XOP\n-0.4% $EEM\n-0.3% $XLU $XLE $FXE $EFA')
('2017-04-26 22:06:13', 'Imagine reading up on $Oil $AAPL $EURUSD concurrently on the same platform! https://t.co/hpDn2yz05K https://t.co/JYiLhBU8Yv')
('2017-04-26 22:04:10', '$AAPL:\n\nInside This Shocking Apple Inc. iPhone 8 Leak:\n\nhttps://t.co/oaXaDOYonu')
('2017-04-26 22:03:48', '$AAPL OI for maturity 04/28/2017. 140.00 Highest put. 145.00 Highest call. https://t.co/xjkCQEp6Rw https://t.co/3jGwxdaPAJ')
('2017-04-26 22:03:00'," ""RT @androsForm: $AAPL India Approves Apple's Incentives for Investments of $1B+ in Manufacturing -Reuters"")"
('2017-04-26 22:02:18', 'Appleâ€™s $AAPL Neutral Rating Reaffirmed at Rosenblatt Securities https://t.co/xQuzUFbuiP')
('2017-04-26 22:01:50', 'RT @DayTradersGroup: $AAPL Remember this chart from Monday? http://t.co/snblISku09 $fcx $nem $gGLD $GDX $AMZN $vxx $aig $TBT #OPTIONS')
('2017-04-26 22:00:08'," ""Join @RobinhoodApp and we'll both get a share of stock like $AAPL $F or $S for free. Make sure to use my link.\n\nhttps://t.co/5ji7tZVNsI"")"
('2017-04-26 21:59:33', 'RT @AdamHSchechter: Big Tech Is Taking on Diabetes @themotleyfool #stocks $AAPL $IBM $MRK $AMZN $MDT https://t.co/ZQ8AeFuI1j')
('2017-04-26 21:58:58'," ""@cirrusdriver It's why $AAPL was smart enough to borrow at almost zero interest rate to pay dividends and do buy backs"")"
('2017-04-26 21:58:22', 'Not 100% sure on quantitative stuff but:\n\nCurrently Services is the only $AAPL business to CONTINUOUSLY maintain/grow revenue leverage.')
('2017-04-26 21:55:33'," 'RT @cnntech: Apple just received a patent for a ""war situation"" device: https://t.co/GcRCeAkveE via @lisahopeking $AAPL https://t.co/nKxLHRâ€_')"
('2017-04-26 21:52:51'," 'My for-""entertainment""-purposes only horseshoe toss for $AAPL FQ2 2017 financial results due up May 2 https://t.co/qa7WPMy7CI')"
('2017-04-26 21:51:39'," ""Join @RobinhoodApp and we'll both get a share of stock like $AAPL $F or $S for free. Make sure to use my link. https://t.co/sSTowGeFTk"")"
('2017-04-26 21:51:20'," ""Join @RobinhoodApp and we'll both get a share of stock like $AAPL $F or $S for free. Make sure to use my link.\n\nhttps://t.co/ddTd8TjZAY"")"
('2017-04-26 21:50:47', 'RT @ConsumerFeed: WP Advisors LLC Purchases Shares of 64478 Apple Inc. $AAPL https://t.co/NdEnNxbuXv')
('2017-04-26 21:50:47'," 'RT @BoardCentral: $AAPL ""Here you go: Proof of 8 patents OWCP has"" on ADFN InvestorsHub message boards: https://t.co/v1RS7nBe7h')"
('2017-04-26 21:50:47'," ""RT @RedDogT3: Today's free recap and look ahead $spx $spx $iwm $aapl $amzn $insy $auph $xle $uwt  https://t.co/MbQ9E76gsH"")"
('2017-04-26 21:50:47'," ""RT @Mwilliams8181: Join @RobinhoodApp and we'll both get a share of stock like $AAPL $F or $S for free. Make sure to use my link.\n\nhttps:â€_"")"
('2017-04-26 21:50:47', 'RT @gomoneybadger: Trumpâ€™s tax plan could get companies like $AAPL and $GOOG to actually pay taxes. Hereâ€™s what it means for you: https://tâ€_')
('2017-04-26 21:50:46', 'RT @SeekingAlpha: iPhone To Be Squeezed In All Chinese Market Segments In 2017 https://t.co/3tDnQOVGSJ $BABA $JD $AAPL')
('2017-04-26 21:50:13'," ""A very false narrative: Samsung Galaxy S8 vs Apple's iPhone https://t.co/MdFuHsOACu #AppleInsider $AAPL https://t.co/CQUh99DaiG"")"
('2017-04-26 21:49:47', 'RT @AdamHSchechter: Big Tech Is Taking on Diabetes @themotleyfool #stocks $AAPL $IBM $MRK $AMZN $MDT https://t.co/ZQ8AeFuI1j')
('2017-04-26 21:40:41'," ""RT @RedDogT3: Today's free recap and look ahead $spx $spx $iwm $aapl $amzn $insy $auph $xle $uwt  https://t.co/MbQ9E76gsH"")"
('2017-04-26 21:37:21'," ""Join @RobinhoodApp and we'll both get a share of stock like $AAPL $F or $S for free. Make sure to use my link.\n\nhttps://t.co/A9XUSUGAEA"")"
('2017-04-26 21:37:07', '$ Flows: Buying on Weakness-Among stocks that were down WED-these had the largest net INFLOWS of money $IUSG $MSFTâ€_ https://t.co/E9RsenMcRx')
('2017-04-26 21:36:11'," ""Join @RobinhoodApp and we'll both get a share of stock like $AAPL $F or $S for free. Make sure to use my link.\n\nhttps://t.co/Y3t5VyM36L"")"
('2017-04-26 21:35:31'," ""RT @appleinsider: Editorial: A very false narrative: Samsung Galaxy S8 vs Apple's iPhone @danieleran $AAPL https://t.co/ijghJTNMmw https://â€_"")"
('2017-04-26 21:35:13'," ""RT @cheddar: As speculation swirls about new iPhones @imore's @settern says to be wary of delay rumors. #CheddarLIVE $AAPL https://t.co/GGâ€_"")"
('2017-04-26 21:34:28', 'These are the 5 U.S. companies with the biggest overseas cash piles https://t.co/mCYFz5yktL $AAPL $MSFT $ORCL $CSCO $GOOGL @marketwatch')
('2017-04-26 21:33:11', 'RT @AdamHSchechter: Big Tech Is Taking on Diabetes @themotleyfool #stocks $AAPL $IBM $MRK $AMZN $MDT https://t.co/ZQ8AeFuI1j')
('2017-04-26 21:31:12', '#aTickerToWatch $AAPL @Apple #apple\nFollow for #free at #nostopitmoney @nostopit\nhttps://t.co/FvyCg8OSLEâ€_ https://t.co/UsuGGoZk8H')
('2017-04-26 21:30:40'," ""Join @RobinhoodApp and we'll both get a share of stock like $AAPL $F or $S for free. Make sure to use my link.\n\nhttps://t.co/64xFv2yuCq"")"
('2017-04-26 21:30:13'," ""Join @RobinhoodApp and we'll both get a share of stock like $AAPL $F or $S for free. Make sure to use my link.\n\nhttps://t.co/QW22nNJb2W"")"
('2017-04-26 21:29:47', 'CityFALCON score gives top rated news for FREE #bigdata $AAPL $TSLA https://t.co/dPpKdbV6WC https://t.co/yl8IW44Qjl')
('2017-04-26 21:29:24'," ""RT @appleinsider: Editorial: A very false narrative: Samsung Galaxy S8 vs Apple's iPhone @danieleran $AAPL https://t.co/ijghJTNMmw https://â€_"")"
('2017-04-26 21:29:05', '$AAPL:\n\niPhone To Be Squeezed In All Chinese Market Segments In 2017:\n\nhttps://t.co/YAtVzodguR')
('2017-04-26 21:28:26', 'iPhone To Be Squeezed In All Chinese Market Segments In 2017 https://t.co/rAZM1kZoYj $BABA $JD $AAPL')
('2017-04-26 21:28:25', 'Qualcomm: Activist Investor Had It Right https://t.co/WxQz9YumxR $AAPL #APPLE $INTC $WFM $QCOM')
('2017-04-26 21:26:10'," ""RT @airambtrader: Join @RobinhoodApp and we'll both get a share of stock like $AAPL $F or $S for free. Make sure to use my link.\n\nhttps:/â€_"")"
('2017-04-26 21:25:24'," '""This will likely be the qtr when you look back &amp; say that\'s when $TWTR turned the corner"" @GuyAdami @CNBCFastMoney \n\n$AAPL @tim_cook')"
('2017-04-26 21:24:36', 'iPhone To Be Squeezed In All Chinese Market Segments In 2017 $BABA $JD $AAPL https://t.co/ABvlaJXNv2 #Investingâ€_ https://t.co/oRSTawkRFU')
('2017-04-26 21:24:34', 'Qualcomm: Activist Investor Had It Right $AAPL #APPLE $INTC $WFM $QCOM https://t.co/JsqtyhnhLc #Investing #Stocks https://t.co/qtdunzR0UO')
('2017-04-26 21:24:25', 'iPhone To Be Squeezed In All Chinese Market Segments In 2017 $BABA $JD $AAPL https://t.co/vsZnW6E63w #Investingâ€_ https://t.co/qpty8TfmdO')
('2017-04-26 21:24:22', 'Qualcomm: Activist Investor Had It Right $AAPL #APPLE $INTC $WFM $QCOM https://t.co/qehWUuA1og #Investing #Stocks https://t.co/SzdqUgqKCl')
('2017-04-26 21:20:08', 'T3 Live Daily Recap - Most Stocks Gains Slip Away!\n\nhttps://t.co/UZmDUI26bL\n\n$SPX $IWM $SPY $QQQ $XLE $UWT $AAPL $FB $WYNN')
('2017-04-26 21:20:00', '$AAPL is in Upside Tasuki Gap winning 60.00% in the past. https://t.co/kFHeq2bh6F')
('2017-04-26 21:19:54', 'A Simple Day Trading Strategy/ORB https://t.co/DkweHiG0Uw via @YouTube #Trading #Stocks #Options #Success $AAPL $FB $AMZN $TWTR $GM $GS')
('2017-04-26 21:19:24', 'iPhone To Be Squeezed In All Chinese Market Segments In 2017 https://t.co/cMu1ild5qj $BABA $JD $AAPL')
('2017-04-26 21:19:24', 'iPhone To Be Squeezed In All Chinese Market Segments In 2017 https://t.co/3tDnQOVGSJ $BABA $JD $AAPL')
('2017-04-26 21:18:57', 'Den of Thieves by James B. Stewart: https://t.co/tgSWH2PXGZ $SPY $AAPL $AMZN $VIX')
('2017-04-26 21:18:42', 'Qualcomm: Activist Investor Had It Right https://t.co/yAaGHeXCeq $AAPL #APPLE $INTC $WFM $QCOM')
('2017-04-26 21:18:41', 'Qualcomm: Activist Investor Had It Right https://t.co/pToSAeaefR $AAPL #APPLE $INTC $WFM $QCOM')
('2017-04-26 21:18:18', 'RT @OptiontradinIQ: What Happens to Iron Condors When the Market Tanks? Including 4 examples. https://t.co/WlDuORwWtS $RUT $IWM $AAPL $VIX')
('2017-04-26 21:17:07', 'Alleged iPhone 8 Schematic Depicts Dual-Lens Vertical Rear Camera Hints at Wireless Chargingâ€_ https://t.co/jvqWpwUKKp')
('2017-04-26 21:15:42', 'The Persistence of Mem- I mean iPhone Pricing Power $AAPL #earnings (everyone has a chart I just find it useful tâ€_ https://t.co/D0iuhSzxYr')
('2017-04-26 21:14:26'," ""RT @appleinsider: Editorial: A very false narrative: Samsung Galaxy S8 vs Apple's iPhone @danieleran $AAPL https://t.co/ijghJTNMmw https://â€_"")"
('2017-04-26 21:14:07'," ""RT @Path_Trading: All 'New Times' Highs #68 &gt; The Money Path Podcast \n\nLISTEN HERE -&gt; https://t.co/zeY5wCyBmJ\n\n$NFLX $BAC $GS $MS $IBM $QCOâ€_"")"
('2017-04-26 21:13:16', '$AAPL $BA:\n\nCompanies cheer Trump tax cuts but jobs are less certain to follow:\n\nhttps://t.co/oUEzZIY0Sl')
('2017-04-26 21:07:34'," ""Join @RobinhoodApp and we'll both get a share of stock like $AAPL $F or $S for free. Make sure to use my link.\n\nhttps://t.co/DohiOTqSB5"")"
('2017-04-26 21:07:31', 'RT @DayTradersGroup: $AAPL Remember this chart from Monday? http://t.co/snblISku09 $fcx $nem $gGLD $GDX $AMZN $vxx $aig $TBT #OPTIONS')
('2017-04-26 21:06:20', 'What is it ahead for US Tech Giants? Check what analysts have to say $GOOG $TWTR $AAPL https://t.co/l3Lv2AAjzE https://t.co/AIUkQDdJbx')
('2017-04-26 21:04:45'," ""Today's top traded #SP500 #stocks by dollar value: #Apple #Amazon #BankofAmerica- $AAPL $AMZN $BAC #stocks #stockmarket #SPX"")"
('2017-04-26 21:04:06', 'Perennial Advisors LLC Takes Position in Apple Inc. $AAPL https://t.co/ijSlIclQ0p')
('2017-04-26 21:04:05', 'Perennial Advisors LLC Takes Position in Apple Inc. $AAPL https://t.co/QhtFUdSJJk')
('2017-04-26 21:03:57'," ""RT @appleinsider: Editorial: A very false narrative: Samsung Galaxy S8 vs Apple's iPhone @danieleran $AAPL https://t.co/ijghJTNMmw https://â€_"")"
('2017-04-26 21:03:55', 'Yoooo bro thanks I just won a free share of $AAPL @Be_Jayy')
('2017-04-26 21:01:59', 'LVW Advisors LLC Raises Stake in Apple Inc. $AAPL https://t.co/ohhRwk3AlN')
('2017-04-26 21:01:47'," ""Join @RobinhoodApp and we'll both get a share of stock like $AAPL $F or $S for free. Make sure to use my link.\n\nhttps://t.co/CW6dxKpAsj"")"
('2017-04-26 21:01:41', '#Options #maxpain chart for $AAPL. Free options app https://t.co/kupWqdianH https://t.co/QsoopEyE2Y')
('2017-04-26 21:01:37'," ""RT @appleinsider: Editorial: A very false narrative: Samsung Galaxy S8 vs Apple's iPhone @danieleran $AAPL https://t.co/ijghJTNMmw https://â€_"")"
('2017-04-26 21:01:32', 'Pinnacle Associates Ltd. Has $53.349 Million Stake in Apple Inc. $AAPL https://t.co/y7EygUVUij')
('2017-04-26 21:01:14', 'WP Advisors LLC Purchases Shares of 64478 Apple Inc. $AAPL https://t.co/S7LMvjO3dX')
('2017-04-26 21:01:13', 'WP Advisors LLC Purchases Shares of 64478 Apple Inc. $AAPL https://t.co/NdEnNxbuXv')
('2017-04-26 21:01:08', '@JakeCatskill $aapl EVERYTHING WAS')
('2017-04-26 21:00:20'," '$AAPL ""Here you go: Proof of 8 patents OWCP has"" on ADFN InvestorsHub message boards: https://t.co/v1RS7nBe7h')"
('2017-04-26 20:56:19', 'See why these assets are trending in 1 watchlist #financialplanning $AAPL $Blockchain $FCA https://t.co/ggqqOP5n3t https://t.co/wthIGfab6b')
('2017-04-26 20:55:48'," ""RT @appleinsider: Editorial: A very false narrative: Samsung Galaxy S8 vs Apple's iPhone @danieleran $AAPL https://t.co/ijghJTNMmw https://â€_"")"
('2017-04-26 20:54:32'," ""Today's free recap and look ahead $spx $spx $iwm $aapl $amzn $insy $auph $xle $uwt  https://t.co/MbQ9E76gsH"")"
('2017-04-26 20:54:21'," ""Join @RobinhoodApp and we'll both get a share of stock like $AAPL $F or $S for free. Make sure to use my link.\n\nhttps://t.co/mkOeru8u2b"")"
('2017-04-26 20:52:59'," ""RT @StockTwits: Everyone is passing around this picture. It apparently shows Trump's big tax cut plan: https://t.co/w0SgGq6UgR\n\n$DJIA $MSFTâ€_"")"
('2017-04-26 20:51:23', 'RT @realwillmeade: $AAPL will hit $200 by next year on lower repatriation tax')
('2017-04-26 20:51:20', 'Trumpâ€™s tax plan could get companies like $AAPL and $GOOG to actually pay taxes. Hereâ€™s what it means for you: https://t.co/oPLWaJrbq3')
('2017-04-26 20:50:25', 'RT @tomhfit: Better Buy: Fitbit Inc. vs. Apple @themotleyfool #stocks $AAPL $FOSL $FIT https://t.co/FQG90k7DrS')
('2017-04-26 20:50:25', 'RT @zerofiltertruth: Another add to our very-outsized $TWTR position here \n\n$AAPL $AMZN $GOOG $MSFT $VZ $IBM $DIS')
('2017-04-26 20:50:25'," 'RT @seeitmarket: NEW Blog:  ""Apple Stock Chart Update: Price Nearing $152 Target"" - https://t.co/o9nN8zVGk7  by @TheFibDoctor\n$AAPL')"
('2017-04-26 20:50:25', 'RT @dellakwal: $AAPL $FIT https://t.co/yOsMHE12BU')
('2017-04-26 20:47:20', 'WOW!!! $FB $AMZN $MSFT $AAPL $GOOG represents &gt;10% of total US market capitalization https://t.co/6B9dJkmmhI')
('2017-04-26 20:46:08', 'Rogue Amoeba Releases Airfoil Satellite TV for the Apple TV https://t.co/JhlnJU8IHO #MacStories $AAPL https://t.co/BycE6iadNo')
('2017-04-26 20:46:04', 'Apple reports earnings May 2. What to watch:\n- EPS: $2.02\n- Rev.: $53B\n- iPhones: 52M\n- Services rev.: $7.1B\nhttps://t.co/cG5o7CbACU $AAPL')
('2017-04-26 20:45:30', '$AAPL #Options OI chart. Free stocks app https://t.co/nuRDoiNnnh https://t.co/t4VqWMukCd')
('2017-04-26 20:43:04', '$AAPL will hit $200 by next year on lower repatriation tax')
('2017-04-26 20:42:39'," ""RT @appleinsider: Editorial: A very false narrative: Samsung Galaxy S8 vs Apple's iPhone @danieleran $AAPL https://t.co/ijghJTNMmw https://â€_"")"
('2017-04-26 20:40:22'," ""RT @appleinsider: Editorial: A very false narrative: Samsung Galaxy S8 vs Apple's iPhone @danieleran $AAPL https://t.co/ijghJTNMmw https://â€_"")"
('2017-04-26 20:40:07', 'Down:\n-1% $EWC\n-0.9% $USO $FEZ $EWZ $EWP\n-0.8% $XLRE $XLP $IYT $SOXX\n-0.7% $JETS\n-0.6% $AAPL $XOP\n-0.4% $EEM\n-0.3% $XLU $XLE $FXE $EFA')
('2017-04-26 20:39:12'," ""Join @RobinhoodApp and we'll both get a share of stock like $AAPL $F or $S for free. Make sure to use my link.\n\nhttps://t.co/Jq4K1wohKj"")"
('2017-04-26 20:39:02'," ""RT @appleinsider: Editorial: A very false narrative: Samsung Galaxy S8 vs Apple's iPhone @danieleran $AAPL https://t.co/ijghJTNMmw https://â€_"")"
('2017-04-26 20:38:03', '$AAPL:\n\nApple services likely to top $7 billion this quarter:\n\nhttps://t.co/GwJVqRxAzE')
('2017-04-26 20:36:34'," ""RT @appleinsider: Editorial: A very false narrative: Samsung Galaxy S8 vs Apple's iPhone @danieleran $AAPL https://t.co/ijghJTNMmw https://â€_"")"
('2017-04-26 20:36:09', '#Apple $AAPL Price Pattern Coordinates Chart close\n$143.65\nCoordinates 1DA 4UA 6DA Area 6/0\nNegative Event 1DAX\nPosâ€_ https://t.co/Bm1pXt1JB5')
('2017-04-26 20:35:18', '#Audio Analytic for the follow #CLOUDUNLOCK Check Out #Apple #iCloud #iPhone $AAPL for #unlock #code https://t.co/sFE120Bm7R')
('2017-04-26 20:33:55'," ""#BBVA one of the 50 biggest banks in the world is taking plays out of $FB and $AAPL 's playbooks #Tech https://t.co/QKpCpYyo8d"")"
('2017-04-26 20:31:39', 'Hereâ€™s what #Apple $AAPL cofounder Steve Wozniak thinks of the #netneutrality battle â€” and why it matters https://t.co/wHApWF7i4S')
('2017-04-26 20:30:47'," ""Join @RobinhoodApp and we'll both get a share of stock like $AAPL $F or $S for free. Make sure to use my link.\n\nhttps://t.co/zZdqLVi6WI"")"
('2017-04-26 20:30:45', 'Sell F5 Networks Buy Apple and Go Short Valeant. Become a Millionaire GUARANTEED! $FFIV $AAPL $VRX https://t.co/z43hAJ7gDU')
('2017-04-26 20:30:44', 'Appleâ€™s $AAPL Outperform Rating Reiterated at FBR &amp; Co https://t.co/FF4wcrQYak')
('2017-04-26 20:30:03'," ""RT @StockTwits: Everyone is passing around this picture. It apparently shows Trump's big tax cut plan: https://t.co/w0SgGq6UgR\n\n$DJIA $MSFTâ€_"")"
('2017-04-26 20:27:28'," ""appleinsider: Editorial: A very false narrative: Samsung Galaxy S8 vs Apple's iPhone danieleran $AAPL â€_ https://t.co/M1sFQNq2C6"")"
('2017-04-26 20:27:06'," ""Editorial: A very false narrative: Samsung Galaxy S8 vs Apple's iPhone danieleran $AAPL https://t.co/u1uHHEtVwW https://t.co/sNSpq4r5FU"")"
('2017-04-26 20:25:27'," ""Editorial: A very false narrative: Samsung Galaxy S8 vs Apple's iPhone danieleran $AAPL https://t.co/50S2uiWLx6 https://t.co/aS0UBjDL2f"")"
('2017-04-26 20:24:12'," ""Editorial: A very false narrative: Samsung Galaxy S8 vs Apple's iPhone @danieleran $AAPL https://t.co/ijghJTNMmw https://t.co/HH5HlLEMja"")"
('2017-04-26 20:23:32', 'RT @AdamHSchechter: Big Tech Is Taking on Diabetes @themotleyfool #stocks $AAPL $IBM $MRK $AMZN $MDT https://t.co/ZQ8AeFuI1j')
('2017-04-26 20:23:15', '$AAPL Todays trading with Apple Inc. for $143.6508 on date April 26 2017. #Finance #Stocks')
('2017-04-26 20:21:36'," ""Join @RobinhoodApp and we'll both get a share of stock like $AAPL $F or $S for free. Make sure to use my link.\n\nhttps://t.co/tkeMDHdXlb"")"
('2017-04-26 20:19:25'," ""$AAPL see if it's buyable off the 8D tomorrow. https://t.co/4pZnCLLv80"")"
('2017-04-26 20:19:06'," ""Join @RobinhoodApp and we'll both get a share of stock like $AAPL $F or $S for free. Make sure to use my link.\n\nhttps://t.co/SIRoUmN2JM"")"
('2017-04-26 20:16:48'," ""Join @RobinhoodApp and we'll both get a share of stock like $AAPL $F or $S for free. Make sure to use my link.\n\nhttps://t.co/5ZbUNpZ4Bp"")"
('2017-04-26 20:15:46', 'How many upgrades on $TWTR tomorrow ?\n\n$AAPL $GOOG $AMZN $MSFT $VZ $IBM $DIS // $FB $SNAP $YELP $P')
('2017-04-26 20:14:59', 'These assets are seeing a jump in tweets $AAPL $Blockchain $FCAU $MSFT https://t.co/roui9rWu6N https://t.co/hzy62rV7DR')
('2017-04-26 20:14:10', 'Purported iPhone 8 schematic shows vertical dual-lens camera no rear Touch ID https://t.co/P08qrxpJLP #9to5Macâ€_ https://t.co/51hcxdaC17')
('2017-04-26 20:13:12'," ""$230 Billion of Apple's cash is outside the US. Repatriation of funds #iPhone8 supercycle and 15% corporateâ€_ https://t.co/eN7FXq9kmY"")"
('2017-04-26 20:13:07', '$AAPL $T:\n\nApple iPhone 8 Upgrades May Lag As People Hold On To Phones Longer:\n\nhttps://t.co/rj7Ev91bSv')
('2017-04-26 20:12:56'," ""Join @RobinhoodApp and we'll both get a share of stock like $AAPL $F or $S for free. Make sure to use my link.\n\nhttps://t.co/WefdU37jZm"")"
('2017-04-26 20:12:38', '@DougKass @zerohedge $AAPL red on a flat SPX day tells you all you need to know')
('2017-04-26 20:12:21', 'Vetr Inc. Lowers Apple Inc. $AAPL to Hold https://t.co/bler2wVBEg')
('2017-04-26 20:12:18', 'Needham &amp; Company LLC Lowers Apple Inc. $AAPL to Buy https://t.co/zwyilCqx2g')
('2017-04-26 20:11:55', 'RT @THE1LEGBANDIT: $DRNK is going on a big run!!\n$USRM rich if RMAT gets approval \n$TWTR\n$AAPL\n$VZ https://t.co/d64U0c09ZA')
('2017-04-26 20:07:10'," ""RT @StockTwits: Everyone is passing around this picture. It apparently shows Trump's big tax cut plan: https://t.co/w0SgGq6UgR\n\n$DJIA $MSFTâ€_"")"
('2017-04-26 20:06:32', 'RT @InvestorHangout: $AAPL Stock Live Analysis 04-26-2017 Apple Inc. (AAPL) https://t.co/JvIVrlsS7o')
('2017-04-26 20:06:30', 'RT @InvestorHangout: $AAPL Stock Live Analysis 04-26-2017 Apple Inc. (AAPL) https://t.co/JvIVrlsS7o')
('2017-04-26 20:06:22', 'RT @InvestorHangout: $AAPL Stock Live Analysis 04-26-2017 Apple Inc. (AAPL) https://t.co/JvIVrlsS7o')
('2017-04-26 20:06:17', 'RT @InvestorHangout: $AAPL Stock Live Analysis 04-26-2017 Apple Inc. (AAPL) https://t.co/JvIVrlsS7o')
('2017-04-26 20:06:16', 'RT @InvestorHangout: $AAPL Stock Live Analysis 04-26-2017 Apple Inc. (AAPL) https://t.co/JvIVrlsS7o')
('2017-04-26 20:06:16', 'RT @InvestorHangout: $AAPL Stock Live Analysis 04-26-2017 Apple Inc. (AAPL) https://t.co/JvIVrlsS7o')
('2017-04-26 20:06:15', 'RT @InvestorHangout: $AAPL Stock Live Analysis 04-26-2017 Apple Inc. (AAPL) https://t.co/JvIVrlsS7o')
('2017-04-26 20:06:14', 'RT @InvestorHangout: $AAPL Stock Live Analysis 04-26-2017 Apple Inc. (AAPL) https://t.co/JvIVrlsS7o')
('2017-04-26 20:06:13', 'RT @InvestorHangout: $AAPL Stock Live Analysis 04-26-2017 Apple Inc. (AAPL) https://t.co/JvIVrlsS7o')
('2017-04-26 20:06:12'," ""Today's million dollar CALL #options trade:\n$STRP $MOMO $GOOG $SWKS $WMT $AAPL $AMZN $HES $CMG $WYNN $MSFT ...\nhttps://t.co/ORtVUPaBpX"")"
('2017-04-26 20:06:12', 'RT @InvestorHangout: $AAPL Stock Live Analysis 04-26-2017 Apple Inc. (AAPL) https://t.co/JvIVrlsS7o')
('2017-04-26 20:06:11', 'RT @InvestorHangout: $AAPL Stock Live Analysis 04-26-2017 Apple Inc. (AAPL) https://t.co/JvIVrlsS7o')
('2017-04-26 20:06:11', 'RT @InvestorHangout: $AAPL Stock Live Analysis 04-26-2017 Apple Inc. (AAPL) https://t.co/JvIVrlsS7o')
('2017-04-26 20:06:11', 'RT @InvestorHangout: $AAPL Stock Live Analysis 04-26-2017 Apple Inc. (AAPL) https://t.co/JvIVrlsS7o')
('2017-04-26 20:06:11', 'RT @InvestorHangout: $AAPL Stock Live Analysis 04-26-2017 Apple Inc. (AAPL) https://t.co/JvIVrlsS7o')
('2017-04-26 20:06:11', 'RT @InvestorHangout: $AAPL Stock Live Analysis 04-26-2017 Apple Inc. (AAPL) https://t.co/JvIVrlsS7o')
('2017-04-26 20:06:10', 'RT @InvestorHangout: $AAPL Stock Live Analysis 04-26-2017 Apple Inc. (AAPL) https://t.co/JvIVrlsS7o')
('2017-04-26 20:06:10', 'RT @InvestorHangout: $AAPL Stock Live Analysis 04-26-2017 Apple Inc. (AAPL) https://t.co/JvIVrlsS7o')
('2017-04-26 20:06:10', 'RT @InvestorHangout: $AAPL Stock Live Analysis 04-26-2017 Apple Inc. (AAPL) https://t.co/JvIVrlsS7o')
('2017-04-26 20:06:09', 'RT @InvestorHangout: $AAPL Stock Live Analysis 04-26-2017 Apple Inc. (AAPL) https://t.co/JvIVrlsS7o')
('2017-04-26 20:06:09', 'RT @InvestorHangout: $AAPL Stock Live Analysis 04-26-2017 Apple Inc. (AAPL) https://t.co/JvIVrlsS7o')
('2017-04-26 20:06:09', 'RT @InvestorHangout: $AAPL Stock Live Analysis 04-26-2017 Apple Inc. (AAPL) https://t.co/JvIVrlsS7o')
('2017-04-26 20:06:09', 'RT @InvestorHangout: $AAPL Stock Live Analysis 04-26-2017 Apple Inc. (AAPL) https://t.co/JvIVrlsS7o')
('2017-04-26 20:06:09', 'RT @InvestorHangout: $AAPL Stock Live Analysis 04-26-2017 Apple Inc. (AAPL) https://t.co/JvIVrlsS7o')
('2017-04-26 20:06:09', 'RT @InvestorHangout: $AAPL Stock Live Analysis 04-26-2017 Apple Inc. (AAPL) https://t.co/JvIVrlsS7o')
('2017-04-26 20:06:09', 'RT @InvestorHangout: $AAPL Stock Live Analysis 04-26-2017 Apple Inc. (AAPL) https://t.co/JvIVrlsS7o')
('2017-04-26 20:06:07', 'RT @InvestorHangout: $AAPL Stock Live Analysis 04-26-2017 Apple Inc. (AAPL) https://t.co/JvIVrlsS7o')
('2017-04-26 20:06:07', 'RT @InvestorHangout: $AAPL Stock Live Analysis 04-26-2017 Apple Inc. (AAPL) https://t.co/JvIVrlsS7o')
('2017-04-26 20:06:07', 'RT @InvestorHangout: $AAPL Stock Live Analysis 04-26-2017 Apple Inc. (AAPL) https://t.co/JvIVrlsS7o')
('2017-04-26 20:06:07', 'RT @InvestorHangout: $AAPL Stock Live Analysis 04-26-2017 Apple Inc. (AAPL) https://t.co/JvIVrlsS7o')
('2017-04-26 20:05:35', 'RT @SharePlanner: Comes with a free stock screening workbook - How to Develop a Powerful List of Stocks to Watch -  $AAPL $FB $AMZN $F httpâ€_')
('2017-04-26 20:05:34'," ""they stole 75% of our money there shouldn't be pull back for 20 yrs cuz that's how long it is gonna take 2 evenâ€_ https://t.co/6oexY5ojHj"")"
('2017-04-26 20:04:39', 'Apple Inc. $AAPL Rating Reiterated by Royal Bank of Canada https://t.co/6VjAyqpMRQ')
('2017-04-26 20:03:06'," ""Everyone is passing around this picture. It apparently shows Trump's big tax cut plan: https://t.co/JE9uDGIZLH\n\n$DJIA $MSFT $AAPL $GE"")"
('2017-04-26 20:01:58'," 'RT @seeitmarket: NEW Blog:  ""Apple Stock Chart Update: Price Nearing $152 Target"" - https://t.co/o9nN8zVGk7  by @TheFibDoctor\n$AAPL')"
('2017-04-26 20:01:52', '@HonestoHortalez @diggingplatinum Maybe $aapl buys $nflx to compete against $amzn makes more sense or not')
('2017-04-26 20:01:37', '$AAPL Stock Live Analysis 04-26-2017 Apple Inc. (AAPL) https://t.co/JvIVrlsS7o')
('2017-04-26 20:01:23'," 'RT @seeitmarket: NEW Blog:  ""Apple Stock Chart Update: Price Nearing $152 Target"" - https://t.co/o9nN8zVGk7  by @TheFibDoctor\n$AAPL')"
('2017-04-26 20:00:14', 'Apple Stock Price: 143.68 #apple $AAPL')
('2017-04-26 20:00:01', 'Better Buy: Fitbit Inc. vs. Apple @themotleyfool #stocks $AAPL $FOSL $FIT https://t.co/FQG90k7DrS')
('2017-04-26 19:59:28', 'Another add to our very-outsized $TWTR position here \n\n$AAPL $AMZN $GOOG $MSFT $VZ $IBM $DIS')
('2017-04-26 19:59:26'," 'RT @seeitmarket: NEW Blog:  ""Apple Stock Chart Update: Price Nearing $152 Target"" - https://t.co/o9nN8zVGk7  by @TheFibDoctor\n$AAPL')"
('2017-04-26 19:58:16'," 'NEW Blog:  ""Apple Stock Chart Update: Price Nearing $152 Target"" - https://t.co/o9nN8zVGk7  by @TheFibDoctor\n$AAPL')"
('2017-04-26 19:54:32'," ""Join @RobinhoodApp and we'll both get a share of stock like $AAPL $F or $S for free. Make sure to use my link.\n\nhttps://t.co/nk4cYjhRXp"")"
('2017-04-26 19:54:06', 'RT @finzine: $AAPL These are the 5 U.S. companies with the biggest overseas cash piles https://t.co/qF8IoBlREV')
('2017-04-26 19:53:59', '$AAPL $FIT https://t.co/yOsMHE12BU')
('2017-04-26 19:51:40', '$AAPL These are the 5 U.S. companies with the biggest overseas cash piles https://t.co/qF8IoBlREV')
('2017-04-26 19:51:13', 'RT @AdamHSchechter: Big Tech Is Taking on Diabetes @themotleyfool #stocks $AAPL $IBM $MRK $AMZN $MDT https://t.co/ZQ8AeFuI1j')
('2017-04-26 19:50:52', '@FoxBusiness $AAPL go long baby!')
('2017-04-26 19:50:02', 'RT @HonestoHortalez: $aapl buys $twtr + $DIS to compete with $nflx')
('2017-04-26 19:50:02'," ""RT @RaindropsOhMy: $AAPL they holding it at $144 against it's will"")"
('2017-04-26 19:50:02'," ""RT @JonnyKnews: Here's Why @Apple Could Make a Profit Killing Under Trump's Big Tax Cut $AAPL https://t.co/fyH93p1iJz via @TheStreet"")"
('2017-04-26 19:50:02'," ""RT @ntwich29: Join @RobinhoodApp and we'll both get a share of stock like $AAPL $F or $S for free. Make sure to use my link.\n\nhttps://t.câ€_"")"
('2017-04-26 19:48:49', 'Eliminate state income tax deduction!! OMG no more extra moolah for me for $TSLA $LULU $CMG $AAPL $SBUX.')
('2017-04-26 19:48:18', '$SPY $BAC $GS $JPM $AAPL $FB $AMZN Market moving lower based on the NAFTA chatter. I think the Trump admin is just testing the idea.')
('2017-04-26 19:48:18', '$AAPL $MSFT $CSCO $GOOG $GOOGL:\n\nThese are the 5 US companies with the biggest overseas cash piles:\n\nhttps://t.co/SY4Z38fvfI')
('2017-04-26 19:48:16', '$AAPL 130 Calls BUYING Activity expiring on 28th Apr Vol 1000')
('2017-04-26 19:46:01', 'RT @davidmoadel: $SBUX #Starbucks Has a Lot to Prove on Thursday https://t.co/H7nqlILANP #stocks #stockmarket #earnings #investing $QQQ $SPâ€_')
('2017-04-26 19:45:46', '$x $vrx $aapl praying for the day benzingga chuck retires and is replaced by someone who doesnt sound like they fist themselves')
('2017-04-26 19:42:34'," ""RT @StockTwits: Everyone is passing around this picture. It apparently shows Trump's big tax cut plan: https://t.co/w0SgGq6UgR\n\n$DJIA $MSFTâ€_"")"
('2017-04-26 19:41:33', '$AAPL (W) ABC Bullish pattern Targets https://t.co/xdhl15zgLp')
('2017-04-26 19:41:13'," ""Apple Watch NikeLab featured in hands-on ahead of tomorrow's release https://t.co/rKvKKyVBJN #9to5Mac $AAPL https://t.co/lzuKabL3SI"")"
('2017-04-26 19:41:03'," ""RT @StockTwits: Everyone is passing around this picture. It apparently shows Trump's big tax cut plan: https://t.co/w0SgGq6UgR\n\n$DJIA $MSFTâ€_"")"
('2017-04-26 19:40:48', '$SBUX #Starbucks Has a Lot to Prove on Thursday https://t.co/H7nqlILANP #stocks #stockmarket #earnings #investing $QQQ $SPY $AAPL $BABA $DIA')
('2017-04-26 19:38:05', '$AAPL weak into the close here.')
('2017-04-26 19:37:40', 'RT @jedimarkus77: 143.18 $AAPL week low (Monday) https://t.co/Ts3N3yrM0i')
('2017-04-26 19:37:40'," ""Counter points to the short $AAPL article on Value Investor's Club https://t.co/ZIvJEKfaWd"")"
('2017-04-26 19:36:34', 'Counter argument to the short $AAPL thesis on Value Investors Club https://t.co/2wmTegDMNW')
('2017-04-26 19:35:25', '143.18 $AAPL week low (Monday) https://t.co/Ts3N3yrM0i')
('2017-04-26 19:33:53'," ""Join @RobinhoodApp and we'll both get a share of stock like $AAPL $F or $S for free. Make sure to use my link.\n\nhttps://t.co/ghDrpt1OtU"")"
('2017-04-26 19:33:17', 'new LOD $AAPL')
('2017-04-26 19:32:12', 'RT @InvestorHangout: For all of you who follow our charts be sure to join @tradingview \nHere: https://t.co/gullxi6DxH\n\n$AAPL $FNMA $DOLV $Dâ€_')
('2017-04-26 19:31:56', 'RT @InvestorHangout: For all of you who follow our charts be sure to join @tradingview \nHere: https://t.co/gullxi6DxH\n\n$AAPL $FNMA $DOLV $Dâ€_')
('2017-04-26 19:31:53', 'RT @InvestorHangout: For all of you who follow our charts be sure to join @tradingview \nHere: https://t.co/gullxi6DxH\n\n$AAPL $FNMA $DOLV $Dâ€_')
('2017-04-26 19:31:42', 'RT @InvestorHangout: For all of you who follow our charts be sure to join @tradingview \nHere: https://t.co/gullxi6DxH\n\n$AAPL $FNMA $DOLV $Dâ€_')
('2017-04-26 19:31:39', 'RT @InvestorHangout: For all of you who follow our charts be sure to join @tradingview \nHere: https://t.co/gullxi6DxH\n\n$AAPL $FNMA $DOLV $Dâ€_')
('2017-04-26 19:31:39', 'RT @InvestorHangout: For all of you who follow our charts be sure to join @tradingview \nHere: https://t.co/gullxi6DxH\n\n$AAPL $FNMA $DOLV $Dâ€_')
('2017-04-26 19:31:39', 'RT @InvestorHangout: For all of you who follow our charts be sure to join @tradingview \nHere: https://t.co/gullxi6DxH\n\n$AAPL $FNMA $DOLV $Dâ€_')
('2017-04-26 19:31:39', 'RT @InvestorHangout: For all of you who follow our charts be sure to join @tradingview \nHere: https://t.co/gullxi6DxH\n\n$AAPL $FNMA $DOLV $Dâ€_')
('2017-04-26 19:31:39', 'RT @InvestorHangout: For all of you who follow our charts be sure to join @tradingview \nHere: https://t.co/gullxi6DxH\n\n$AAPL $FNMA $DOLV $Dâ€_')
('2017-04-26 19:31:39', 'RT @InvestorHangout: For all of you who follow our charts be sure to join @tradingview \nHere: https://t.co/gullxi6DxH\n\n$AAPL $FNMA $DOLV $Dâ€_')
('2017-04-26 19:31:39', 'RT @InvestorHangout: For all of you who follow our charts be sure to join @tradingview \nHere: https://t.co/gullxi6DxH\n\n$AAPL $FNMA $DOLV $Dâ€_')
('2017-04-26 19:31:39', 'RT @InvestorHangout: For all of you who follow our charts be sure to join @tradingview \nHere: https://t.co/gullxi6DxH\n\n$AAPL $FNMA $DOLV $Dâ€_')
('2017-04-26 19:31:35', 'RT @InvestorHangout: For all of you who follow our charts be sure to join @tradingview \nHere: https://t.co/gullxi6DxH\n\n$AAPL $FNMA $DOLV $Dâ€_')
('2017-04-26 19:31:35', 'RT @InvestorHangout: For all of you who follow our charts be sure to join @tradingview \nHere: https://t.co/gullxi6DxH\n\n$AAPL $FNMA $DOLV $Dâ€_')
('2017-04-26 19:31:35', 'RT @InvestorHangout: For all of you who follow our charts be sure to join @tradingview \nHere: https://t.co/gullxi6DxH\n\n$AAPL $FNMA $DOLV $Dâ€_')
('2017-04-26 19:31:35', 'RT @InvestorHangout: For all of you who follow our charts be sure to join @tradingview \nHere: https://t.co/gullxi6DxH\n\n$AAPL $FNMA $DOLV $Dâ€_')
('2017-04-26 19:31:35', 'RT @InvestorHangout: For all of you who follow our charts be sure to join @tradingview \nHere: https://t.co/gullxi6DxH\n\n$AAPL $FNMA $DOLV $Dâ€_')
('2017-04-26 19:31:35', 'RT @InvestorHangout: For all of you who follow our charts be sure to join @tradingview \nHere: https://t.co/gullxi6DxH\n\n$AAPL $FNMA $DOLV $Dâ€_')
('2017-04-26 19:31:34', 'RT @InvestorHangout: For all of you who follow our charts be sure to join @tradingview \nHere: https://t.co/gullxi6DxH\n\n$AAPL $FNMA $DOLV $Dâ€_')
('2017-04-26 19:31:34', 'RT @InvestorHangout: For all of you who follow our charts be sure to join @tradingview \nHere: https://t.co/gullxi6DxH\n\n$AAPL $FNMA $DOLV $Dâ€_')
('2017-04-26 19:31:34', 'RT @InvestorHangout: For all of you who follow our charts be sure to join @tradingview \nHere: https://t.co/gullxi6DxH\n\n$AAPL $FNMA $DOLV $Dâ€_')
('2017-04-26 19:31:34', 'RT @InvestorHangout: For all of you who follow our charts be sure to join @tradingview \nHere: https://t.co/gullxi6DxH\n\n$AAPL $FNMA $DOLV $Dâ€_')
('2017-04-26 19:31:34', 'RT @InvestorHangout: For all of you who follow our charts be sure to join @tradingview \nHere: https://t.co/gullxi6DxH\n\n$AAPL $FNMA $DOLV $Dâ€_')
('2017-04-26 19:31:34', 'RT @InvestorHangout: For all of you who follow our charts be sure to join @tradingview \nHere: https://t.co/gullxi6DxH\n\n$AAPL $FNMA $DOLV $Dâ€_')
('2017-04-26 19:31:34', 'RT @InvestorHangout: For all of you who follow our charts be sure to join @tradingview \nHere: https://t.co/gullxi6DxH\n\n$AAPL $FNMA $DOLV $Dâ€_')
('2017-04-26 19:31:34', 'RT @InvestorHangout: For all of you who follow our charts be sure to join @tradingview \nHere: https://t.co/gullxi6DxH\n\n$AAPL $FNMA $DOLV $Dâ€_')
('2017-04-26 19:31:34', 'RT @InvestorHangout: For all of you who follow our charts be sure to join @tradingview \nHere: https://t.co/gullxi6DxH\n\n$AAPL $FNMA $DOLV $Dâ€_')
('2017-04-26 19:31:34', 'RT @InvestorHangout: For all of you who follow our charts be sure to join @tradingview \nHere: https://t.co/gullxi6DxH\n\n$AAPL $FNMA $DOLV $Dâ€_')
('2017-04-26 19:31:33', 'RT @InvestorHangout: For all of you who follow our charts be sure to join @tradingview \nHere: https://t.co/gullxi6DxH\n\n$AAPL $FNMA $DOLV $Dâ€_')
('2017-04-26 19:30:45', 'Refuting the short thesis on Apple. $AAPL via @evantindell \nhttps://t.co/5rIk40S37x https://t.co/bYQwTmk2Kr')
('2017-04-26 19:28:46'," ""Join @RobinhoodApp and we'll both get a share of stock like $AAPL $F or $S for free. Make sure to use my link.\n\nhttps://t.co/aCBNwGhzhg"")"
('2017-04-26 19:28:20'," ""RT @StockTwits: Everyone is passing around this picture. It apparently shows Trump's big tax cut plan: https://t.co/w0SgGq6UgR\n\n$DJIA $MSFTâ€_"")"
('2017-04-26 19:27:06', '$AAPL $TSLA:\n\nAlphabet (GOOGL) Stock Quotes Company News And Chart Analysis:\n\nhttps://t.co/SiIqnfpnWW')
('2017-04-26 19:26:49', 'RT @JustinPulitzer: (cont) $SWKS in particular is important to watchâ€_ itâ€™s been a good gauge for $AAPL.')
('2017-04-26 19:26:18', '0.2% Of #Nasdaq Companies Accounted For 45% Of Its Recent Gains $AAPL $AMZN $MSFT $FB $GOOG https://t.co/7JF2fO2iGB')
('2017-04-26 19:26:17', '(cont) $SWKS in particular is important to watchâ€_ itâ€™s been a good gauge for $AAPL.')
('2017-04-26 19:24:35', 'For all of you who follow our charts be sure to join @tradingview \nHere: https://t.co/gullxi6DxH\n\n$AAPL $FNMA $DOLV $DBMM $MMEX $BVTK')
('2017-04-26 19:22:16'," ""RT @Srsly_Gordin: Join @RobinhoodApp and we'll both get a share of stock like $AAPL $F or $S for free. Make sure to use my link.\n\nhttps:/â€_"")"
('2017-04-26 19:19:33', 'Apple Inc. $AAPL Receives â€œBuyâ€ù Rating from Needham &amp; Company LLC https://t.co/Et3FDHrYHs')
('2017-04-26 19:19:26'," ""RT @StockTwits: Everyone is passing around this picture. It apparently shows Trump's big tax cut plan: https://t.co/w0SgGq6UgR\n\n$DJIA $MSFTâ€_"")"
('2017-04-26 19:18:35', 'who would be interested in an options blog? drop comments and suggestions $SPY $X $GDX $JNUG $NUGT $AKS $IWM $FCX $CHK $AAPL $FB $AMZN')
('2017-04-26 19:16:19'," ""Join @RobinhoodApp and we'll both get a share of stock like $AAPL $F or $S for free. Make sure to use my link.\n\nhttps://t.co/6sbKUfI1J6"")"
('2017-04-26 19:14:46', 'Imagine reading up on $Oil $AAPL $EURUSD concurrently on the same platform! https://t.co/hpDn2yz05K https://t.co/jqaFmBO7WR')
('2017-04-26 19:13:26', 'An iPhone made entirely from other iPhones? Keep dreaming. https://t.co/Shk7S0Pbd8 via @BV $AAPL #CSR #ESG #Environment #Recycling')
('2017-04-26 19:12:53', 'RT @EmergingGrowth1: $SFIV +7.14%\nhttps://t.co/chrk3ZFeaM\n$XPLR $HPQ $SCLD $SMCI $SCKT $NYXO $DRWN $CCUR $SRII $CSPI $MSFT $GOOG $AAPL #Retâ€_')
('2017-04-26 19:12:49', 'RT @EmergingGrowth1: $SFIV +7.14%\nhttps://t.co/chrk3ZFeaM\n$XPLR $HPQ $SCLD $SMCI $SCKT $NYXO $DRWN $CCUR $SRII $CSPI $MSFT $GOOG $AAPL #Retâ€_')
('2017-04-26 19:12:34'," ""RT @StockTwits: Everyone is passing around this picture. It apparently shows Trump's big tax cut plan: https://t.co/w0SgGq6UgR\n\n$DJIA $MSFTâ€_"")"
('2017-04-26 19:12:09', '$SFIV +7.14%\nhttps://t.co/chrk3ZFeaM\n$XPLR $HPQ $SCLD $SMCI $SCKT $NYXO $DRWN $CCUR $SRII $CSPI $MSFT $GOOG $AAPLâ€_ https://t.co/rm5AuDr6xp')
('2017-04-26 19:11:58'," ""Everyone is passing around this picture. It apparently shows Trump's big tax cut plan: https://t.co/w0SgGq6UgR\n\n$DJIA $MSFT $AAPL $GE"")"
('2017-04-26 19:11:03', 'Better Buy: Apple Inc. vs. Google https://t.co/wdMlYoUAxJ $AAPL $GOOG $GOOGL https://t.co/rNK4iCr8DB')
('2017-04-26 19:09:55', 'Google Maps on iPhone adds parking reminders Directions widget iMessage app https://t.co/4saILqCFXcâ€_ https://t.co/D6sX2GDKG9')
('2017-04-26 19:09:34'," ""Join @RobinhoodApp and we'll both get a share of stock like $AAPL $F or $S for free. Make sure to use my link.\n\nhttps://t.co/TKN7wzYYLT"")"
('2017-04-26 19:08:05', '$TWTR #Twitter posts strong user growth shares soar https://t.co/vGMG8BFxs2 #stockmarket #stocks #investing #finance $QQQ $AAPL $SPY $NFLX')
('2017-04-26 19:07:49', 'RT @Sandro_power: $AAPL looking good price action wise above a key pivot point which was 144.20 ready to try and bust higher now.')
('2017-04-26 19:07:45', 'RT @Sandro_power: $SPY $AAPL $TSLA check what I explained in this detailed report I posted on april 15  while the market was bearis... httpâ€_')
('2017-04-26 19:07:38', 'RT @Sandro_power: $AAPL  UPDATE       https://t.co/X8Hqict3ad')
('2017-04-26 19:07:31'," ""Join @RobinhoodApp and we'll both get a share of stock like $AAPL $F or $S for free. Make sure to use my link.\n\nhttps://t.co/mmen6IW3t4"")"
('2017-04-26 19:06:50'," ""Join @RobinhoodApp and we'll both get a share of stock like $AAPL $F or $S for free. Make sure to use my link.\n\nhttps://t.co/ISrUBcH2GH"")"
('2017-04-26 19:06:17', '$AAPL Spotify May Be Getting Into Hardware https://t.co/NXJQ7ffYtL')
('2017-04-26 19:05:26', 'RT @SeekingAlpha: The S&amp;P 500 Has Broken Out- The March To 2550 Is On! https://t.co/v7coUWDw3z $AAPL #APPLE $HEWJ $IBB $SOXX $SWKS $XLE $XLâ€_')
('2017-04-26 19:05:01', 'RT @2kaykim: $AAPL 2/1/17 Final Update: I am completely out of my Calls today. My final thoughts â†’ https://t.co/gpzfXEpE93 https://t.co/ylVâ€_')
('2017-04-26 19:03:47', 'Are Dow dogs any safer when brokers hype their growth? https://t.co/1ypIbFHfD5 $AAPL $BA $CAT $CSCO $DD $GS $IBM $INTC')
('2017-04-26 19:03:28'," ""Benzinga: The Effect On Apple As Phone Upgrade Rates Could Be 'Permanently Lower Than Historical Norms' https://t.co/lh6sVA95o0 $AAPL $T"")"
('2017-04-26 19:03:00'," ""The Effect On Apple As Phone Upgrade Rates Could Be 'Permanently Lower Than Historical Norms' https://t.co/JUpl8q4vj3 $AAPL $T"")"
('2017-04-26 19:01:37', 'Is Tesla Dragging Its Feet on Safety? $TSLA $AAPL $BIDU $GM $F $GOOGL https://t.co/tf0ePTcqSn via @BarronsNext')
('2017-04-26 19:00:39'," ""Join @RobinhoodApp and we'll both get a share of stock like $AAPL $F or $S for free. Make sure to use my link.\n\nhttps://t.co/1rpo7tZQCp #r"")"
('2017-04-26 19:00:14', 'Apple Stock Price: 143.91 #apple $AAPL')
('2017-04-26 18:59:04', 'The ongoing staggering volume $TWTR today warms my #LoveTwitter heart much more than the surge\n\n$AAPL $AMZN $GOOG $MSFT $VZ $IBM $DIS\n\n@jack')
('2017-04-26 18:57:18', 'RT @kirillklip: International #Lithium â€“ The Chinese Bet On Salares. https://t.co/mGyJWGrful #TheSwitch #Tesla #BYD #GM #Ford #EVs #Solar $â€_')
('2017-04-26 18:56:38', '$aapl buys $twtr + $DIS to compete with $nflx')
('2017-04-26 18:56:26'," ""$AAPL they holding it at $144 against it's will"")"
('2017-04-26 18:55:13', 'RT @DayTradersGroup: $AAPL Remember this chart from Monday? http://t.co/snblISku09 $fcx $nem $gGLD $GDX $AMZN $vxx $aig $TBT #OPTIONS')
('2017-04-26 18:53:07'," ""Here's Why @Apple Could Make a Profit Killing Under Trump's Big Tax Cut $AAPL https://t.co/fyH93p1iJz via @TheStreet"")"
('2017-04-26 18:52:57', 'RT @SeekingAlpha: The S&amp;P 500 Has Broken Out- The March To 2550 Is On! https://t.co/v7coUWDw3z $AAPL #APPLE $HEWJ $IBB $SOXX $SWKS $XLE $XLâ€_')
('2017-04-26 18:50:37'," ""Join @RobinhoodApp and we'll both get a share of stock like $AAPL $F or $S for free. Make sure to use my link.\n\nhttps://t.co/TL690qJxWE"")"
('2017-04-26 18:50:17', 'RT @StockNewsWires: $GE $AAPL $MSFT:\n\nTrump tax cuts: 15% business rate personal income capital gains â€_:\n\nhttps://t.co/PpXrXDFVps')
('2017-04-26 18:49:36', 'RT @StockSwann: #Bloomberg: #Apple hires #Google satellite execs for new #hardware team https://t.co/YtsOm13s1A $GOOG $GOOGL $SPACE $AAPL')
('2017-04-26 18:48:54', 'RT @themotleyfool: Just in case you thought Apple wasnâ€™t thinking big anymore 2 words for you: Space Internet. $AAPL https://t.co/5E4ApctEâ€_')
('2017-04-26 18:48:03', '$GE $AAPL $MSFT:\n\nTrump tax cuts: 15% business rate personal income capital gains â€_:\n\nhttps://t.co/PpXrXDFVps')
('2017-04-26 18:46:11'," ""RT @Barchart: Today's Most Active #Options\n$X $TWTR $BAC $AAPL $MRK $FB $ABX $MSFT\nSee Full List â_¡ï¸è https://t.co/YReQdHmYZd https://t.co/Yhâ€_"")"
('2017-04-26 18:46:10', 'RT @TN: speaking of monopoly power: top 5 companies acct for 45% of Nasdaq rise from 5500 to +6000 $AAPL $FB $GOOG $AMZN $MSFT $QQQ\n\nvia @Tâ€_')
('2017-04-26 18:46:10'," 'RT @LU_Rambler12: $SPY $AAPL $FB JPM $GS lol...market trying to ""sell the news\' just to ramp it back up tomorrow')"
('2017-04-26 18:45:50'," ""Join @RobinhoodApp and we'll both get a share of stock like $AAPL $F or $S for free. Make sure to use my link.\n\nhttps://t.co/NreHnkpNzZ"")"
('2017-04-26 18:44:30', 'RT @MichaelMOTTCM: The S&amp;P 500 Has Broken Out- The March To 2550 Is On! https://t.co/WCPDOWHMwq $AAPL $HEWJ $IBB $SOXX $SWKS $XLE $XLF $XLKâ€_')
('2017-04-26 18:44:27', 'APPLE is ending the triangle $AAPL https://t.co/Mu85RjLTXM TV_TradingIdeas')
('2017-04-26 18:44:08'," ""Join @RobinhoodApp and we'll both get a share of stock like $AAPL $F or $S for free. Make sure to use my link.\n\nhttps://t.co/vmJFD9ILQO"")"
('2017-04-26 18:41:10', '$MSDI Monster Digital Reports Distribution Deal with Ingram Entertainment $BAC $C $MSFT $FB $AAPL $TWTR $GPRO $AMZN $NFLX $MTBC $SAJA $ENSV')
('2017-04-26 18:39:20', 'Top Stock searches on message boards and Twitter: $USO $CNCG $AAPL $SPY $FB (02:39 pm) #stocks #finance #stockmarket #StockPicks')
('2017-04-26 18:39:14', 'Commented on 5 Dividend Growth Predictions For April 2017 https://t.co/M4GhgEX0uv $AAPL $AMP $IBM $WFC $XOM')
('2017-04-26 18:37:14', 'The tax on foreign-held cash ... can the companies choose to repatriate or not or does it apply regardless? $AAPL')
('2017-04-26 18:36:51', 'APPLE is ending the triangle $AAPL https://t.co/wqEOWCN79Z')
('2017-04-26 18:36:40', 'RT @zacharyparadis: â€œToday atâ€ù $AAPL is a lot like the creative.collective concept I came up with at @IITDesign https://t.co/DxbvdyY3Yl httâ€_')
('2017-04-26 18:36:38'," ""How Apple's 'iPhone 8' could improve battery life with 2-cell design OLED screen https://t.co/XD1JCUbSkHâ€_ https://t.co/laH6LjHkLv"")"
('2017-04-26 18:35:55', '$aapl $msft $spy $fb $twtr hearing tim sykes might have had relation with a family member.  pets not excluded')
('2017-04-26 18:34:02', 'Wondering about #sentiment indicator for $AAPL? The Short Ratio is 2.33% https://t.co/g59jn7NKPx')
('2017-04-26 18:33:51'," ""Join @RobinhoodApp and we'll both get a share of stock like $AAPL $F or $S for free. Make sure to use my link.\n\nhttps://t.co/bC8OE5SLuZ"")"
('2017-04-26 18:33:11', 'The S&amp;P 500 Has Broken Out- The March To 2550 Is On! https://t.co/vKggWaNqZm $AAPL #APPLE $HEWJ $IBB $SOXX $SWKS $XLE $XLF $XLK $XLY $SPY')
('2017-04-26 18:33:03'," ""$AAPL shouldn't this be up given thejr overseas cash hoard. Even if the other tax plan fizzle this would be huge and stop money grabs in EU"")"
('2017-04-26 18:32:31', 'RT @TheStreet: Forget the iPhone 8 supercycle; Apple could be staring down the barrel of a tax-cut-driven profit explosion. https://t.co/BVâ€_')
('2017-04-26 18:32:02', '#Uber pushes back against claims it tracked $AAPL devices https://t.co/TesAxjhxxW https://t.co/JWi38KOKqa')
('2017-04-26 18:31:57', 'The S&amp;P 500 Has Broken Out- The March To 2550 Is On! https://t.co/WCPDOWHMwq $AAPL $HEWJ $IBB $SOXX $SWKS $XLE $XLF $XLK $XLY @marketjane')
('2017-04-26 18:31:17', 'The S&amp;P 500 Has Broken Out- The March To 2550 Is On! https://t.co/WCPDOWHMwq $AAPL $HEWJ $IBB $SOXX $SWKS $XLE $XLF $XLK $XLY $SPY $QQQ')
('2017-04-26 18:30:50', '$AAPL $NFKX $SPY when every post u make involved you personal politics: instablock! https://t.co/YoU4aJ4Tzk')
('2017-04-26 18:30:13', 'Forget the iPhone 8 supercycle; Apple could be staring down the barrel of a tax-cut-driven profit explosion. https://t.co/BVIgSN5vSM $AAPL')
('2017-04-26 18:30:05', 'The S&amp;P 500 Has Broken Out- The March To 2550 Is On! https://t.co/zgdwlFV84J $AAPL #APPLE $HEWJ $IBB $SOXX $SWKS $XLE $XLF $XLK $XLY $SPY')
('2017-04-26 18:30:05', 'The S&amp;P 500 Has Broken Out- The March To 2550 Is On! https://t.co/v7coUWDw3z $AAPL #APPLE $HEWJ $IBB $SOXX $SWKS $XLE $XLF $XLK $XLY $SPY')
('2017-04-26 18:28:43'," ""$SPY time to risk off $DIA isn't Q1 GDP coming out friday? Gov shutdown possible too... $AAPL $AMZN $FB $GOOGL"")"
('2017-04-26 18:26:16'," ""First $MSFT and $GOOG then $SNAP now it's $AAPL and $FB. #augmentedreality is the Next Big Thing starting now. https://t.co/zoPODhAg8k"")"
('2017-04-26 18:25:25'," ""RT @OphirGottlieb: $AAPL Using Apple's repeating stock pattern to trade options https://t.co/pdRishxOrw https://t.co/2eNoZcO2Ic"")"
('2017-04-26 18:23:30'," ""Join @RobinhoodApp and we'll both get a share of stock like $AAPL $F or $S for free. Make sure to use my link.\n\nhttps://t.co/YIP15fDQt0"")"
('2017-04-26 18:18:17', '$AAPL $MSFT $GOOGL $CSCO $ORCL:\n\nHereâ€™s what was missing from Trumpâ€™s tax plan that Wall Street really â€_:\n\nhttps://t.co/wgPNmJEVxq')
('2017-04-26 18:14:14', 'RT @themotleyfool: Just in case you thought Apple wasnâ€™t thinking big anymore 2 words for you: Space Internet. $AAPL https://t.co/5E4ApctEâ€_')
('2017-04-26 18:13:02', 'wrappin it up here. paints dryin. short everything up here $PCLN $MCD $TSLA $NFLX $FB $AAPL $ANET $ISRG $HD $COST $V $AXP $AMZN $SPY $QQQ')
('2017-04-26 18:11:39', 'RT @realwillmeade: So just like I called the bottom in Oil and Energy Stocks this morning I am predicting Apple $AAPL will be $200 by nextâ€_')
('2017-04-26 18:09:26'," ""RT @OphirGottlieb: $AAPL Using Apple's repeating stock pattern to trade options https://t.co/pdRishxOrw https://t.co/2eNoZcO2Ic"")"
('2017-04-26 18:09:09', 'CityFALCON score gives top rated news for FREE #bigdata $AAPL $TSLA https://t.co/dPpKdbV6WC https://t.co/x1NpzciT41')
('2017-04-26 18:09:02', 'Recommendation Moderate #BUY for $AAPL with UB rating - 3.38 out of 5. https://t.co/qrj5fVmTA0')
('2017-04-26 18:06:11', 'Learning to #DayTrade? Watch our team walk through live trades $CCCR $CALI $CLNT $HDSN $AKBA $DELT $CYTR $X $AAPL https://t.co/uTNyE6Hjeg')
('2017-04-26 18:05:38'," ""Join @RobinhoodApp and we'll both get a share of stock like $AAPL $F or $S for free. Make sure to use my link.\n\nhttps://t.co/JLJRhjUWOC"")"
('2017-04-26 18:04:24', 'Recent $AAPL technical alerts: Bollinger Band Squeeze plus 4 more alerts... https://t.co/AQqRvx9Oi0')
('2017-04-26 18:04:20', 'Apple Pay with Touch ID is in the crosshairs of a new patent lawsuit https://t.co/QcTyf6z2Fr #AppleWorldToday $AAPL https://t.co/qFTOzvOqYv')
('2017-04-26 18:03:09', '$TWTR $YHOO $SNAP $GOOGL $AAPL:\n\nFormer Yahoo Interim CEO explains how Twitter can avoid his old â€_:\n\nhttps://t.co/jzvwAoiWla')
('2017-04-26 18:02:29'," ""Join @RobinhoodApp and we'll both get a share of stock like $AAPL $F or $S for free. Make sure to use my link.\n\nhttps://t.co/1N5AG8Unfc"")"
('2017-04-26 18:02:25'," ""$AAPL Using Apple's repeating stock pattern to trade options https://t.co/pdRishxOrw https://t.co/2eNoZcO2Ic"")"
('2017-04-26 18:01:54', 'My watch list i Posted on @profitly last night is literally 5/5 on trades today! Hope you caught some #Stocks #Trading #ATeenTrader $AAPL')
('2017-04-26 18:00:22', 'Apple Stock Price: 144.04 #apple $AAPL')
('2017-04-26 17:57:42'," ""Join @RobinhoodApp and we'll both get a share of stock like $AAPL $F or $S for free. Make sure to use my link.\n\nhttps://t.co/FvPYbV1dE3"")"
('2017-04-26 17:56:18'," ""C'mon $AAPL... a one time tax on that &gt;200B in cash overseas. Did you not get the memo...LOL!!!"")"
('2017-04-26 17:56:12', '$AAPL is red.  That says A LOT re: tax repatriation')
('2017-04-26 17:55:43', 'RT @TN: speaking of monopoly power: top 5 companies acct for 45% of Nasdaq rise from 5500 to +6000 $AAPL $FB $GOOG $AMZN $MSFT $QQQ\n\nvia @Tâ€_')
('2017-04-26 17:54:24', 'Volume $AAPL https://t.co/a3LuZJ8ZR3 TV_TradingIdeas')
('2017-04-26 17:54:14', 'Apple Inc. $AAPL Earns â€œOverweightâ€ù Rating from Piper Jaffray Companies https://t.co/yjcNqb0WSx')
('2017-04-26 17:54:12', 'Apple Inc. $AAPL Earns â€œOverweightâ€ù Rating from Piper Jaffray Companies https://t.co/P71Dtjz53v')
('2017-04-26 17:53:09', '1/ in Billions\n$AMZN - $436\n$AAPL - $761\n$FB - $426\n$GOOG - $615\n$MSFT - $527')
('2017-04-26 17:51:46'," ""Join @RobinhoodApp and we'll both get a share of stock like $AAPL $F or $S for free. Make sure to use my link.\n\nhttps://t.co/BRZzJMtkXm"")"
('2017-04-26 17:51:36'," ""Today's Most Active #Options\n$X $TWTR $BAC $AAPL $MRK $FB $ABX $MSFT\nSee Full List â_¡ï¸è https://t.co/YReQdHmYZd https://t.co/YhGtwSVw7d"")"
('2017-04-26 17:50:38'," ""They don't even have a repatriation rate yet.... IS THIS A JOKE. $SPY $DIA $GLD Healthcare round 2 fail. $AAPL $AMZN $FB $GOOGL"")"
('2017-04-26 17:50:24', 'speaking of monopoly power: top 5 companies acct for 45% of Nasdaq rise from 5500 to +6000 $AAPL $FB $GOOG $AMZNâ€_ https://t.co/IfH23Scz8O')
('2017-04-26 17:49:53'," ""RT @pavanstweet: Join @RobinhoodApp and we'll both get a share of stock like $AAPL $F or $S for free. Make sure to use my link.\n\nhttps://â€_"")"
('2017-04-26 17:49:47'," '$SPY $AAPL $FB JPM $GS lol...market trying to ""sell the news\' just to ramp it back up tomorrow')"
('2017-04-26 17:48:56', 'How to Win Friends and Influence People by Dale Carnegie: https://t.co/O6mnfEAbku #business $AAPL $SPY $DIA $SPX')
('2017-04-26 17:48:15'," '""We donâ€™t only find shareholder activism in woefully underperforming companies.""\n\n@jeff_gramm \n$AAPL $GMâ€_ https://t.co/MWAxdnVmgX')"
('2017-04-26 17:48:10'," ""Join @RobinhoodApp and we'll both get a share of stock like $AAPL $F or $S for free. Make sure to use my link.\nhttps://t.co/IIXpqNJ5F9"")"
('2017-04-26 17:47:24', 'CA is going to become like a very large Puerto Rico ....  eventually the $GOOG $FB $AAPL techies hit breaking pointâ€_ https://t.co/B20JrYF4t5')
('2017-04-26 17:46:57', '$SPY $AAPL Overseas money 1 time tax.....whats that for $AAPL Billions?............................')
('2017-04-26 17:46:49'," ""RT @InvestorPlace: Apple Just Painted a Target on Samsung's Back $AAPL $SSNLF https://t.co/9dhNLgSwmh"")"
('2017-04-26 17:46:39'," ""Join @RobinhoodApp and we'll both get a share of stock like $AAPL $F or $S for free. Make sure to use my link.\n\nhttps://t.co/0mqV3mnkOt"")"
('2017-04-26 17:46:32'," ""Join @RobinhoodApp and we'll both get a share of stock like $AAPL $F or $S for free. Make sure to use my link.\n\nhttps://t.co/EFl2AnUFh7"")"
('2017-04-26 17:46:21', '#Stocks #Traders LEARN The 6 Individual Components of the #Ihcimoku Cloud using $AAPL Chart &gt;&gt; #Trading Help &gt;&gt;&gt;â€_ https://t.co/nRObvwJTcL â€_')
('2017-04-26 17:45:49'," ""RT @josephmcondon: Join @RobinhoodApp and we'll both get a share of stock like $AAPL $F or $S for free. Make sure to use my link.\n\nhttps:â€_"")"
('2017-04-26 17:45:49', 'RT @ProVesting: $SJR $AAPL:\n\nSamsung Galaxy S8: First Major Test For Shawâ€™s Freedom Mobile:\n\nhttps://t.co/ZXL1BcQ20e')
('2017-04-26 17:45:48'," ""RT @Srsly_Gordin: Join @RobinhoodApp and we'll both get a share of stock like $AAPL $F or $S for free. Make sure to use my link.\n\nhttps:/â€_"")"
('2017-04-26 17:45:30', '$TWTR still holding looking for run up into close. That dip it just had was a good entry point #Stocks #Trading #ATeenTrader $AAPL $FB')
('2017-04-26 17:45:18', '#Stocks #Traders LEARN The 6 Individual Components of the #Ihcimoku Cloud using $AAPL Chart &gt;&gt; #Trading Help &gt;&gt;&gt;â€_ https://t.co/o9lVbmPdFE')
('2017-04-26 17:45:15'," ""@REAL_SCUBASTEVE $SPY $AAPL it's go time #taxproposal"")"
('2017-04-26 17:45:15', '#Stocks #Traders LEARN The 6 Individual Components of the #Ihcimoku Cloud using $AAPL Chart &gt;&gt; #Trading Help &gt;&gt;&gt;â€_ https://t.co/PLSdDKUlb5')
('2017-04-26 17:44:22'," ""Apple Just Painted a Target on Samsung's Back $AAPL $SSNLF https://t.co/PXBGW4RQZX"")"
('2017-04-26 17:43:25'," ""Join @RobinhoodApp and we'll both get a share of stock like $AAPL $F or $S for free. Make sure to use my link.\n\nhttps://t.co/CKdTPPtixt"")"
('2017-04-26 17:43:16'," ""$SPY #TAXREFORM #BAT Corporations don't even pay taxes! #WELFARE $MCD $AAPL"")"
('2017-04-26 17:42:12', '5-star analyst Tim Long from BMO Capital reiterated a Buy on $AAPL.  https://t.co/LSVD3tAkVU')
('2017-04-26 17:42:01', 'Comes with a free stock screening workbook - How to Develop a Powerful List of Stocks to Watch -  $AAPL $FB $AMZN $F https://t.co/9ZgN8fUvmb')
('2017-04-26 17:41:31'," ""Apple Just Painted a Target on Samsung's Back $AAPL $SSNLF https://t.co/9dhNLgSwmh"")"
('2017-04-26 17:41:01', 'WESCAP Management Group Inc. Purchases 174 Shares of Apple Inc. $AAPL https://t.co/tYNxprhb2G')
('2017-04-26 17:41:00', 'WESCAP Management Group Inc. Purchases 174 Shares of Apple Inc. $AAPL https://t.co/Y8aFsts031')
('2017-04-26 17:38:05'," ""Join @RobinhoodApp and we'll both get a share of stock like $AAPL $F or $S for free. Make sure to use my link.\n\nhttps://t.co/AzmNJxQJIK"")"
('2017-04-26 17:36:32', '$BIDU next week 190 CALL at 4.1$\n$AAPL $FB $SPY $SPX $NFLX $VIX $UVXY $VXX\n#Options')
('2017-04-26 17:36:12', 'if repatriation at 10% or less thinking $AAPL $MSFT $GE lottos pay')
('2017-04-26 17:36:03'," ""RT @sunqlu: Join @RobinhoodApp and we'll both get a share of stock like $AAPL $F or $S for free. Make sure to use my link. https://t.co/nâ€_"")"
('2017-04-26 17:32:05'," ""Apple has interestingly updated their 'Mac Pro' Trademark to Cover Augmented Reality Displaysâ€_ https://t.co/T4K5C09kye #PatentlyApple $AAPL"")"
('2017-04-26 17:29:35'," ""Join @RobinhoodApp and we'll both get a share of stock like $AAPL $F or $S for free. Make sure to use my link.\n\nhttps://t.co/5xBCAkgS3B"")"
('2017-04-26 17:29:04', 'Is $AAPL coiling to get back to 145?')
('2017-04-26 17:28:45'," ""Join @RobinhoodApp and we'll both get a share of stock like $AAPL $F or $S for free. Make sure to use my link.\n\nhttps://t.co/jnUfGZgrM5"")"
('2017-04-26 17:28:13'," ""Join @RobinhoodApp and we'll both get a share of stock like $AAPL $F or $S for free. Make sure to use my link.\n\nhttps://t.co/LouPUqtxY6"")"
('2017-04-26 17:26:20', 'The Closing Bell is out! https://t.co/mDk6PMMMIP $EURUSD $GBPUSD $USDJPY $AUDUSD $SPY $TWTR $GPRO $YHOO $LNKD $FB $AAPL $BRD $CAT $WLT $LNKD')
('2017-04-26 17:24:35'," ""Wednesday Apple Rumors: There's A New iPhone Freeze Gltich $AAPL https://t.co/u0FxRJuwLR"")"
('2017-04-26 17:24:13'," ""Join @RobinhoodApp and we'll both get a share of stock like $AAPL $F or $S for free. Make sure to use my link.\n\nhttps://t.co/No2MafhZrr"")"
('2017-04-26 17:23:41'," ""Wednesday Apple Rumors: There's A New iPhone Freeze Gltich $AAPL https://t.co/QYAAqqBFqj"")"
('2017-04-26 17:18:56'," ""Jim Cramer's Real Money: Sane Investing in an Insane World: https://t.co/cH8GoYgNd8 $AAPL $NFLX $AMZN"")"
('2017-04-26 17:18:47'," ""@weetwo Don't see anything worthwhile right now suspect I'll eventually put it back into $AAPL on dips."")"
('2017-04-26 17:18:22'," '@SteveAntonTrade Thats my thought unless he says something else.  I think the whole ""repatriate tax"" could boost naâ€_ https://t.co/6yuxRsg279')"
('2017-04-26 17:17:54', '$AAPL 7-day prediction -0.25$: Stock Quotes Company News And Chart Analysis https://t.co/lT2qMtqfuh')
('2017-04-26 17:15:43'," ""$BABY This won't end well will it? $QQQ $SPY $DIA $DJIA $IWM $TLT $NFLX $AMZN $AAPL $FB $GOOG $GOOGL $TWTRâ€_ https://t.co/RsltVzFhYJ"")"
('2017-04-26 17:12:14'," ""Join @RobinhoodApp and we'll both get a share of stock like $AAPL $F or $S for free. Make sure to use my link.\n\nhttps://t.co/hHfFxR3Pta"")"
('2017-04-26 17:12:04', '$INTC $AAPL $OA:\n\nPhoenix wants to create high-tech manufacturing corridor on new â€_:\n\nhttps://t.co/wlrW84fY7I')
('2017-04-26 17:12:00', '#Disney disruptive game-changing makeup tech $DIS https://t.co/MKJUIOskIh @rachelkrauseis https://t.co/saVES9OJJwâ€_ https://t.co/bqSIVNg9G5')
('2017-04-26 17:10:15', 'RT @guptapayal2701: $AAPL Looks To Boost Apple TV   https://t.co/QhtxtlxeNa')
('2017-04-26 17:09:24'," ""RT @josephmcondon: Join @RobinhoodApp and we'll both get a share of stock like $AAPL $F or $S for free. Make sure to use my link.\n\nhttps:â€_"")"
('2017-04-26 17:08:28', '$SNE #SONY increase dividend and defend #cheap undervalued #stock or $SNE @sony may get hostile takeover bid $100â€_ https://t.co/Djk3Vhvosl')
('2017-04-26 17:07:53', '$AAPL Apple could be working on takeover of $SNE #SONY')
('2017-04-26 17:06:11', '$SPY David Trungale: 2 #Stocks to Look at Now #Gold Outlook Cash Stop Losses &amp; More https://t.co/pnTbEvjhlJ $GLD $QQQ $AMZN $AAPL $NFLX')
('2017-04-26 17:05:29'," ""Join @RobinhoodApp and we'll both get a share of stock like $AAPL $F or $S for free. Make sure to use my link.\n\nhttps://t.co/BPCliHzFGI"")"
('2017-04-26 17:04:38', 'StarMine ARM model shows analysts are bullish on @Samsung which reports on 4/27. #EarningsSeason #Semiconductors $0â€_ https://t.co/92dOvPaTLF')
('2017-04-26 17:04:35'," ""Join @RobinhoodApp and we'll both get a share of stock like $AAPL $F or $S for free. Make sure to use my link.\n\nhttps://t.co/aqWyxRDnOL"")"
('2017-04-26 17:04:14', '$AMD $INTC $AAPL $IBM ALL NEED GPUs! https://t.co/iV7S8PJ6i2 DEALS are coming soon = BUY NOW!!! https://t.co/nqX0N9q7NB')
('2017-04-26 17:03:23', '$MSDI Monster Digital Inc. Announces Expansion to Mexico Monster Digital Announces Expansion into Canada $AAPL $GOOG $MSFT $INTC $GPRO $AMD')
('2017-04-26 17:02:18'," ""Join @RobinhoodApp and we'll both get a share of stock like $AAPL $F or $S for free. Make sure to use my link.\n\nhttps://t.co/ySa7acF4Bf"")"
('2017-04-26 17:01:07'," ""Today's million dollar CALL #options trade update:\n$STRP $MOMO $GOOG $SWKS $WMT $AAPL $AMZN $HES $CMG ...\nhttps://t.co/ORtVUPaBpX"")"
('2017-04-26 17:01:02', 'Top #money flow today. Free stocks app https://t.co/5RPia7Qmp0\n$SPY $IXUS $MJN $X $GILD $IEFA $AGG $FB
('2017-04-26 17:00:25', 'Apple Stock Price: 144.10 #apple $AAPL')
('2017-04-26 17:00:04', 'Steve Jobs asked better questions. His answers inspired Apple Store redesign. https://t.co/VxYZ2SEed5 $AAPL #CustServ')
('2017-04-26 16:59:02'," ""Join @RobinhoodApp and we'll both get a share of stock like $AAPL $F or $S for free. Make sure to use my link.\n\nhttps://t.co/P43y7qNrsv"")"
('2017-04-26 16:57:10'," ""Join @RobinhoodApp and we'll both get a share of stock like $AAPL $F or $S for free. Make sure to use my link.\n\nhttps://t.co/u8lD3W2Bct"")"
('2017-04-26 16:56:19'," ""Join @RobinhoodApp and we'll both get a share of stock like $AAPL $F or $S for free. Make sure to use my link.\n\nhttps://t.co/Ra6q3mGsLp"")"
('2017-04-26 16:53:43', '@_DecisionPoint Erin why not just sell puts on $AMZN &amp; $AAPL if you guys are bullish?')
('2017-04-26 16:53:01', '$SJR $AAPL:\n\nSamsung Galaxy S8: First Major Test For Shawâ€™s Freedom Mobile:\n\nhttps://t.co/ZXL1BcQ20e')
('2017-04-26 16:52:51'," ""Join @RobinhoodApp and we'll both get a share of stock like $AAPL $F or $S for free. Make sure to use my link.\n\nhttps://t.co/OtMSXQNbUq"")"
('2017-04-26 16:49:49'," '$DRYS Just think of your investment as a ""donation"" $QQQ $DIA $DJIA $IWM $SPY $NFLX $AMZN #pennystocks #stockmarket #stocks #investing $AAPL')"
('2017-04-26 16:49:32'," ""RT @madetoenvy: Join @RobinhoodApp and we'll both get a share of stock like $AAPL $F or $S for free. Make sure to use my link. https://t.â€_"")"
('2017-04-26 16:48:49', '$AAPL iPhone 8 will include $OLED displays https://t.co/GASkQsfOQi')
('2017-04-26 16:48:33', 'Having 10 different news tabs open for $AAPL $DB $BP? We give you 1 https://t.co/iSMMsCwWju https://t.co/20BhpTYyED')
('2017-04-26 16:47:24', 'RT @MotleyFoolTech: Go for it Tim. $AAPL https://t.co/qiOMRdE04K')
('2017-04-26 16:47:09'," ""Join @RobinhoodApp and we'll both get a share of stock like $AAPL $F or $S for free. Make sure to use my link.\n\nhttps://t.co/mCKcYZOZRh"")"
('2017-04-26 16:46:58'," ""Join @RobinhoodApp and we'll both get a share of stock like $AAPL $F or $S for free. Make sure to use my link.\nhttps://t.co/BJOnUcrXWp"")"
('2017-04-26 16:46:12', 'RT @CBOE: Pre-earnings straddles: $AMZN $GOOGL $MSFT $SBUX.  $TWTR subscriber growth @AngieMiles w Fred Banyon $FB &amp; $AAPL https://t.co/â€_')
('2017-04-26 16:45:40'," ""Join @RobinhoodApp and we'll both get a share of stock like $AAPL $F or $S for free. Make sure to use my link!\n\nhttps://t.co/E2SadStabJ"")"
('2017-04-26 16:45:25', 'RT @finzine: $AAPL Better Buy: Apple Inc. vs. Google https://t.co/d22NRKNBOA')
('2017-04-26 16:45:25', 'RT @InvestorsStudio: 14 of the 15 most actively traded securities are #ETFs the other is $aapl\nhttps://t.co/6yB00DmnRd https://t.co/eQdHMQâ€_')
('2017-04-26 16:45:24', 'RT @DozenStocks: Dow #Stocks Trend $MSFT $CAT $INTC $MRK $DD $BA $CSCO $AAPL $IBM $MCD $JPM $DIS $UNH $V $HD $TRV $MMM $AXP $GS  @ https://â€_')
('2017-04-26 16:45:24'," ""RT @ChartMill: $AAPL has a great technical rating! Check out it's strong points at https://t.co/uqj1xiO4Cq #Crowdstats #gamedev"")"
('2017-04-26 16:45:23'," ""Join @RobinhoodApp and we'll both get a share of stock like $AAPL $F or $S for free. Make sure to use my link. https://t.co/b70AnxlrEW"")"
('2017-04-26 16:44:47'," ""Join @RobinhoodApp and we'll both get a share of stock like $AAPL $F or $S for free. Make sure to use my link.\n\nhttps://t.co/MGoWM6ZLCR"")"
('2017-04-26 16:44:17', 'Monitor your watchlist of assets for tweets - US Tech Giants https://t.co/J74uV6qAnD $AAPL $GOOG $MSFT $FB')
('2017-04-26 16:43:12', '2)  In bull market or rockin stock you do things a little differently.  $AMZN $FB $AAPL')
('2017-04-26 16:42:54'," ""i wonder if there's a phobia title for fear of going short on $AAPL \n\nsince there's a phobia for everything lol"")"
('2017-04-26 16:41:51'," ""Join @RobinhoodApp and we'll both get a share of stock like $AAPL $F or $S for free. Make sure to use my link.\n\nhttps://t.co/KNsrXMSoTB"")"
('2017-04-26 16:39:09', 'Apple Inc. $AAPL Stock Rating Reaffirmed by Piper Jaffray Companies https://t.co/dNFbKU76Rc')
('2017-04-26 16:37:54', '$TGT Fly pelican fly! (Scarface voice) $QQQ $SPY $DIA $DJIA $IWM $GOOG $GOOGL $AMZN $WMT $AAPL $FB $NFLX #stocks #stockmarket #investing $T')
('2017-04-26 16:35:05', 'Pre-earnings straddles: $AMZN $GOOGL $MSFT $SBUX.  $TWTR subscriber growth  $FB &amp; $AAPL https://t.co/0oL3KB3O1w  https://t.co/cTUjvgxT0p')
('2017-04-26 16:33:28', 'Non-Marijuana Stocks For Marijuana-Like Returns. https://t.co/DtGdPfcffG $AAPL #APPLE $AMZN $ARDX $BREW $CAR $EGRX $FB $HD $HZNP $KTWO')
('2017-04-26 16:32:10', 'MUST READ: A Pump And Trump Short Squeeze Play: https://t.co/ZihIz3fCKM $AAPL $SPY $JNJ $JPM $BA $GS $ORCL $MU $SIRI $MMM')
('2017-04-26 16:31:08', 'Non-Marijuana Stocks For Marijuana-Like Returns. https://t.co/tPep5Nf26K $AAPL #APPLE $AMZN $ARDX $BREW $CAR $EGRX $FB $HD $HZNP $KTWO')
('2017-04-26 16:31:07', 'Non-Marijuana Stocks For Marijuana-Like Returns. https://t.co/wxoFJhfrF5 $AAPL #APPLE $AMZN $ARDX $BREW $CAR $EGRX $FB $HD $HZNP $KTWO')
('2017-04-26 16:30:31'," ""Join @RobinhoodApp and we'll both get a share of stock like $AAPL $F or $S for free. Make sure to use my link.\n\nhttps://t.co/RziLzjqGLl"")"
('2017-04-26 16:30:29', 'RT @DayTradersGroup: $AAPL Remember this chart from Monday? http://t.co/snblISku09 $fcx $nem $gGLD $GDX $AMZN $vxx $aig $TBT #OPTIONS')
('2017-04-26 16:30:06'," ""Join @RobinhoodApp and we'll both get a share of stock like $AAPL $F or $S for free. Make sure to use my link. https://t.co/uMCC32WHwR"")"
('2017-04-26 16:29:34'," ""Join @RobinhoodApp and we'll both get a share of stock like $AAPL $F or $S for free. Make sure to use my link.\n\nhttps://t.co/N4xKoFsjCw"")"
('2017-04-26 16:28:53', 'get a share of stock like $aapl $f $s for free when you join robinhood with my referral - https://t.co/sXT42nLa1n')
('2017-04-26 16:28:15', '$AMZN $BA $GD $AAPL:\n\nThe Best Of The Blue Chips (And The Worst):\n\nhttps://t.co/DssMPFpjSS')
('2017-04-26 16:28:08', 'The Best Of The Blue Chips (And The Worst) https://t.co/UyqjviAXAo $BAC $MS $AMZN $BA $GD $AAPL $FB $PM $GILD $TGT $BMY $CVS $F $VZ $XOM')
('2017-04-26 16:27:53', 'Report: Apple Inc. Faces Production Problems With OLED iPhone 8 @themotleyfool #stocks $AAPL $SSNLF https://t.co/kqh0uhkrWN')
('2017-04-26 16:27:09', 'The Best Of The Blue Chips (And The Worst) https://t.co/OKUdTLlFED $BAC $MS $AMZN $BA $GD $AAPL $FB $PM $GILD $TGT $BMY $CVS $F $VZ $XOM')
('2017-04-26 16:26:24', 'ESPN fires 100 on-air personalities will focus on apps w/ more live news &amp; video streaming featuresâ€_ https://t.co/VKSiwPYhk1')
('2017-04-26 16:26:10'," ""Join @RobinhoodApp and we'll both get a share of stock like $AAPL $F or $S for free. Make sure to use my link.\n\nhttps://t.co/u4npePafNa"")"
('2017-04-26 16:25:44', 'RT @CBOE: Pre-earnings straddles: $AMZN $GOOGL $MSFT $SBUX.  $TWTR subscriber growth @AngieMiles w Fred Banyon $FB &amp; $AAPL https://t.co/â€_')
('2017-04-26 16:25:40'," ""Join @RobinhoodApp and we'll both get a share of stock like $AAPL $F or $S for free. Make sure to use my link. https://t.co/9oUF4i2DXd"")"
('2017-04-26 16:25:04', 'Go for it Tim. $AAPL https://t.co/qiOMRdE04K')
('2017-04-26 16:24:13', 'Instagram is growing faster than ever and now has 700 million users $FB $TWTR $SNAP $TSLA $AMZN $AAPL $GOOG $F\n https://t.co/FfKDhWx58H')
('2017-04-26 16:23:10'," ""Join @RobinhoodApp and we'll both get a share of stock like $AAPL $F or $S for free. Make sure to use my link.\n\nhttps://t.co/OREQ4y9GQ3"")"
('2017-04-26 16:22:24', 'RT @DayTradeWarrior: Last day to enter to win a Warrior Trading Performance Polo https://t.co/Is8SthMtX1 RT for additional entries! $AAPL $â€_')
('2017-04-26 16:19:48', 'RT @CBOE: Pre-earnings straddles: $AMZN $GOOGL $MSFT $SBUX.  $TWTR subscriber growth @AngieMiles w Fred Banyon $FB &amp; $AAPL https://t.co/â€_')
('2017-04-26 16:18:31', 'RT @CBOE: Pre-earnings straddles: $AMZN $GOOGL $MSFT $SBUX.  $TWTR subscriber growth @AngieMiles w Fred Banyon $FB &amp; $AAPL https://t.co/â€_')
('2017-04-26 16:18:21', 'RT @CBOE: Pre-earnings straddles: $AMZN $GOOGL $MSFT $SBUX.  $TWTR subscriber growth @AngieMiles w Fred Banyon $FB &amp; $AAPL https://t.co/â€_')
('2017-04-26 16:18:01', 'Pre-earnings straddles: $AMZN $GOOGL $MSFT $SBUX.  $TWTR subscriber growth @AngieMiles w Fred Banyon $FB &amp; $AAPLâ€_ https://t.co/Ht3L1N57Vf')
('2017-04-26 16:16:36', 'Imagine reading up on $Oil $AAPL $EURUSD concurrently on the same platform! https://t.co/hpDn2yz05K https://t.co/pKVuY7CtID')
('2017-04-26 16:16:05'," ""Join @RobinhoodApp and we'll both get a share of stock like $AAPL $F or $S for free. Make sure to use my link.\n\nhttps://t.co/46qcmUEkTQ"")"
('2017-04-26 16:14:31'," ""Join @RobinhoodApp and we'll both get a share of stock like $AAPL $F or $S for free. Make sure to use my link.\n\nhttps://t.co/pIiK5ENHmS"")"
('2017-04-26 16:12:39', 'RT @JOVRNALISM: Apple hires NASA augmented reality expert\nhttps://t.co/R8K4WyLVCb\n\n#JOVRNALISM\n#VR #AR #ARind\n#ARtech #ARppl\n#ARbiz #Appleâ€_')
('2017-04-26 16:12:26', 'RT @barronstechblog: Apple et. al.: JP Morgan Raises Smartphone View Sees Better Growth in 2018 - Tech Trader Daily - $AAPL $005930KS httpâ€_')
('2017-04-26 16:10:37'," ""Join @RobinhoodApp and we'll both get a share of stock like $AAPL $F or $S for free. Make sure to use my link.\n\nhttps://t.co/o3Zang8rFt"")"
('2017-04-26 16:10:33'," ""These 4 Companies Will Benefit From Trump's Repatriation Tax Reform https://t.co/2tROARB7eC $CSCO $MSFT $GE $AAPL"")"
('2017-04-26 16:09:25', 'RT @barronstechblog: Apple et. al.: JP Morgan Raises Smartphone View Sees Better Growth in 2018 - Tech Trader Daily - $AAPL $005930KS httpâ€_')
('2017-04-26 16:08:15', '$AAPL Max Pain is 142.00 for maturity 04/28/2017. Prev Close = 144.53.  https://t.co/JsGjIOq9aY https://t.co/vUky0DqGxB')
('2017-04-26 16:08:07'," ""Join @RobinhoodApp and we'll both get a share of stock like $AAPL $F or $S for free. Make sure to use my link.\n\nhttps://t.co/qOyUh4LLzX"")"
('2017-04-26 16:08:05', '$AAPL $FB $GOOGL $NKE $MSFT $AMZN trade 4x-23x book value with that multiple $SNE #SONY should trade btw $80 to $450')
('2017-04-26 16:07:55'," ""Donald Trump's Corporate Tax Repatriation Plan Would Benefit @themotleyfool #stocks $AAPL $IBM $PFE $GE $MSFT https://t.co/itmHMRfI2a"")"
('2017-04-26 16:06:38'," ""Join @RobinhoodApp and we'll both get a share of stock like $AAPL $F or $S for free. Make sure to use my link.\n\nhttps://t.co/jKf7PDDQeu"")"
('2017-04-26 16:06:11', '$FDFT Setting up here at .0003 $MMEX $DOLV $DBMM $BVTK $FNMA $AAPL $AMZN $BLDV $ICNB $OWCP $NWBO \nJoin us LIVE!\nhttps://t.co/hMhNJMQiBU')
('2017-04-26 16:05:49', 'Join @RobinhoodApp &amp; get free stocks like $AAPL $F or $S now. Make sure to use my link.\n\nhttps://t.co/nDBrasiaIJ')
('2017-04-26 16:05:08'," ""Join @RobinhoodApp and we'll both get a share of stock like $AAPL $F or $S for free. Make sure to use my link.\n\nhttps://t.co/EHBEsylBgo"")"
('2017-04-26 16:04:53', 'Track curated news and tweets for multiple tickers - US Tech Giants https://t.co/J74uV6qAnD $AAPL $GOOG $MSFT $FB')
('2017-04-26 16:04:35', 'Apple et. al.: JP Morgan Raises Smartphone View Sees Better Growth in 2018 - Tech Trader Daily - $AAPL $005930KS https://t.co/mVzaoofHkU')
('2017-04-26 16:02:19', 'news prolly gunna hit tn about $AAPL possibilities with trumps tax plan')
('2017-04-26 16:02:09'," ""RT @cheddar: As speculation swirls about new iPhones @imore's @settern says to be wary of delay rumors. #CheddarLIVE $AAPL https://t.co/GGâ€_"")"
('2017-04-26 16:02:01', 'Better Buy: Apple Inc. vs. Google https://t.co/Y9koMCFE2K $AAPL $GOOG $GOOGL https://t.co/PleshbmyMx')
('2017-04-26 16:01:41', 'This $AMZN Echo is going to be huge.  so many derivative products and plays from fashion to elder care.  and yet $AAPL is mising again.')
('2017-04-26 16:01:41', 'This $AMZN Echo is going to be huge.  so many derivative products and plays from fashion to elder care.  and yet $AAPL is mising again.')
('2017-04-26 16:01:02', 'Top #money flow today. Free stocks app https://t.co/5RPia7Qmp0\n$SPY $IXUS $AGG $IEFA $EFA $X $GILD $FB
('2017-04-26 16:00:17', 'Apple Stock Price: 144.02 #apple $AAPL')
('2017-04-26 16:00:00', 'U.S. Active (Stock Wars): $X -24.56% $AAPL -0.36% $CGIX +14.93% $AMZN +0.26% $NADL +9.55% https://t.co/jdoP0QylGF #StockWars')