('2017-04-16 15:56:25', '$NFLX e/r is MONDAY after the close.\nNetflix Opens Techland Earnings Season On Monday Sentiment Mostly Negative  https://t.co/CQI6GD05ur')
('2017-04-16 15:54:22', 'RT @PipsToDollars: #earnings $NFLX $HOG $IBM $HA $V $UAL $BAC $GS https://t.co/zP6xOjroao')
('2017-04-16 15:52:47', 'RT @PipsToDollars: #earnings $NFLX $HOG $IBM $HA $V $UAL $BAC $GS https://t.co/zP6xOjroao')
('2017-04-16 15:51:36', '#earnings $NFLX $HOG $IBM $HA $V $UAL $BAC $GS https://t.co/zP6xOjroao')
('2017-04-16 15:48:54', 'RT @TMLTrader: $NFLX sits just below its 50-day line. On earnings watch next week 4/17 AMC. https://t.co/Rc9VRnWX1c')
('2017-04-16 15:40:02', 'RT @TMLTrader: $NFLX sits just below its 50-day line. On earnings watch next week 4/17 AMC. https://t.co/Rc9VRnWX1c')
('2017-04-16 15:37:36', 'RT @TMLTrader: Setups &amp; Watch List 4/16: $ANET $MTZ $NFLX $TSLA $DY $SHOP $MASI $STX $MU')
('2017-04-16 15:37:32', '$NFLX sits just below its 50-day line. On earnings watch next week 4/17 AMC. https://t.co/Rc9VRnWX1c')
('2017-04-16 15:36:15', 'Setups &amp; Watch List 4/16: $ANET $MTZ $NFLX $TSLA $DY $SHOP $MASI $STX $MU')
('2017-04-16 15:30:23', 'Netflix Inc. $NFLX Shares Bought by Atria Investments LLC https://t.co/pLkMm5OJBj')
('2017-04-16 15:25:53', 'RT @420WeedStreet: $SPY Its almost 1am Monday in NK.. @POTUS TICK-TOCK #MOAB $SPX $QQQ $IWM $GS $CMG $BAC $AAPL $C $JPM $NFLX $SNAP $FB $DJ‰Û_')
('2017-04-16 15:25:11', '$SPY Its almost 1am Monday in NK.. @POTUS TICK-TOCK #MOAB $SPX $QQQ $IWM $GS $CMG $BAC $AAPL $C $JPM $NFLX $SNAP‰Û_ https://t.co/rynw1d73aQ')
('2017-04-16 15:23:07', 'RT @JustinPulitzer: Weekend Review Video 4/16: $VIX $TLT $GLD $SLV $IBB $SPY $IWM $QQQ $MSFT $AAPL $AMZN $FB $NFLX $TSLA $CAT $IBM $QCOM ht‰Û_')
('2017-04-16 15:21:49', 'RT @lousyjets: $cmg $NFLX $TSLA $AAPL NK leader is just as phony as USA leader. No guts..fake guys.')
('2017-04-16 15:19:14', '$nflx https://t.co/K32FlNhA64')
('2017-04-16 15:14:03', 'RT @eWhispers: #earnings $BAC $NFLX $GS $UNH $JNJ $IBM $GE $QCOM $VZ $SCHW $MS $CUDA $BX $PGR $V $MTB $HOG $ABT $UAL $CMA $RF $USB  https:/‰Û_')
('2017-04-16 15:10:11', '$cmg $NFLX $TSLA $AAPL NK leader is just as phony as USA leader. No guts..fake guys.')
('2017-04-16 15:07:49', '$NFLX 3 Things to Watch in the Stock Market This Week https://t.co/yah2dAlwT4')
('2017-04-16 15:07:49', '$NFLX Disney Studios Continues Its Box Office Domination https://t.co/2TiVIthGFZ')
('2017-04-16 15:07:09', '$NFLX high open interest range is 140.00 to 145.00 for option expiration 04/21/2017. https://t.co/doCfoTVJ8p https://t.co/P9V63mpNXb')
('2017-04-16 15:02:17', 'RT @eWhispers: #earnings $BAC $NFLX $GS $UNH $JNJ $IBM $GE $QCOM $VZ $SCHW $MS $CUDA $BX $PGR $V $MTB $HOG $ABT $UAL $CMA $RF $USB  https:/‰Û_')
('2017-04-16 14:49:21'," 'Video ""Stocks that are Resisting the Downtrend"" https://t.co/5l3qBXbiS5 $SPY $AMZN $BABA $FB $GOOGL $NFLX $KBH https://t.co/54DILxk2Mu')"
('2017-04-16 14:48:52', '$NFLX Company has had two successive stellar reports going into this one on Monday. The one thing you will notice ‰Û_ https://t.co/G3kovcsCqi')
('2017-04-16 14:47:33', '$NFLX Stock continues to get pulled back to its 50-day moving average line constantly. Interesting timing this wee‰Û_ https://t.co/29dx6Clys9')
('2017-04-16 14:41:31', 'Honkamp Krueger Financial Services Inc. Acquires New Stake in Netflix Inc. $NFLX https://t.co/Wyk7eY6T9L')
('2017-04-16 14:41:19'," ""RT @WrigleyTom: What to watch for w/ER's this week | IBD\n\n$NFLX $QCOM $IBM $EBAY\n$GS $MS $BAC $LRCX $GE\n\nhttps://t.co/ZZN6aZPLmD https://t.‰Û_"")"
('2017-04-16 14:38:47', 'RT @WallStJesus: ‰_«JUMPS IN NASDAQ SHORTS: $WIN $CY $FEYE $NUAN $RCII $ON $AUPH $CERN $YHOO $ESRX $AAL $NFLX $IMMU $ENDP $OSUR $FB $MSFT $EX‰Û_')
('2017-04-16 14:35:08', '#Options #Traders get In-Depth Analysis &amp; Setup for $NFLX on our #mtbanalysis Mag &gt;&gt; https://t.co/iwX3P5J7bo‰Û_ https://t.co/QaZpGQLEAB')
('2017-04-16 14:33:25', 'RT @newswelldone: $NFLX $GOOGL $AAPL $FB $AMZN:\n\nThis Is The Key Test That Netflix Facebook And Apple Are Facing:\n\nhttps://t.co/jr5ujFoHSo')
('2017-04-16 14:33:04', '$NFLX $GOOGL $AAPL $FB $AMZN:\n\nThis Is The Key Test That Netflix Facebook And Apple Are Facing:\n\nhttps://t.co/jr5ujFoHSo')
('2017-04-16 14:29:39', 'RT @eWhispers: #earnings $BAC $NFLX $GS $UNH $JNJ $IBM $GE $QCOM $VZ $SCHW $MS $CUDA $BX $PGR $V $MTB $HOG $ABT $UAL $CMA $RF $USB  https:/‰Û_')
('2017-04-16 14:24:59', '#PrivateTrader #Live #Prospects $BAC $GS $HOG $NFLX $RF $UAL https://t.co/3TpDVcsSup')
('2017-04-16 14:03:00', '$SPX after bell Mon we get $NFLX then $GS &amp; $BAC before bell Tues.  Why one would think some chips come off the short side before close.')
('2017-04-16 14:01:08', 'RT @tradewithjoe: Turning 1k into 100k - details here:\n\nhttps://t.co/upDpfLpMkH\n\n$SPY $IWM $VIX $UVXY $FB $AAPL $NFLX $BABA $PCLN $BBRY $GL‰Û_')
('2017-04-16 14:00:02', 'Turning 1k into 100k - details here:\n\nhttps://t.co/upDpfLpMkH\n\n$SPY $IWM $VIX $UVXY $FB $AAPL $NFLX $BABA $PCLN $BBRY $GLD $GDX $GDXJ $USO')
('2017-04-16 13:57:20'," ""RT @Puru__Saxena: Remember how the internet companies were supposed to change the world in '99-'00? See similarities with $AMZN $NFLX and‰Û_"")"
('2017-04-16 13:57:20', '$FB $AMZN $GOOG $AAPL $MSFT $GPRO $NFLX $AKS quick short term analysis https://t.co/exOf4OqyC3')
('2017-04-16 13:48:14', '$NFLX $JNJ:\n\n3 Things to Watch in the Stock Market This Week:\n\nhttps://t.co/XBg1wXALSu')
('2017-04-16 13:41:10', 'RT @eWhispers: #earnings $BAC $NFLX $GS $UNH $JNJ $IBM $GE $QCOM $VZ $SCHW $MS $CUDA $BX $PGR $V $MTB $HOG $ABT $UAL $CMA $RF $USB  https:/‰Û_')
('2017-04-16 13:33:35', 'RT @SiliconStocks: #SiliconValley #stocks on watch:\n$TSLA $CLSN $STRP $ARYC $ATT $AMZN  $GSAY $AAOI $NFLX $AMD')
('2017-04-16 13:31:32', 'RT @eWhispers: #earnings $BAC $NFLX $GS $UNH $JNJ $IBM $GE $QCOM $VZ $SCHW $MS $CUDA $BX $PGR $V $MTB $HOG $ABT $UAL $CMA $RF $USB  https:/‰Û_')
('2017-04-16 13:30:51', '#SiliconValley #stocks on watch:\n$TSLA $CLSN $STRP $ARYC $ATT $AMZN  $GSAY $AAOI $NFLX $AMD')
('2017-04-16 12:51:44', 'RT @AverageJoeTradr: Focused #earnings $NFLX $HOG $BAC  $GS $UNH $JNJ $IBM $GE $QCOM $VZ $SCHW $MS $CUDA $BX $PGR $V $MTB  $ABT $UAL $CMA $‰Û_')
('2017-04-16 12:47:51', 'RT @eWhispers: #earnings $BAC $NFLX $GS $UNH $JNJ $IBM $GE $QCOM $VZ $SCHW $MS $CUDA $BX $PGR $V $MTB $HOG $ABT $UAL $CMA $RF $USB  https:/‰Û_')
('2017-04-16 12:19:23', 'Netflix Will Not Move By More Than 8% After Earnings https://t.co/jnecRn9NxW $NFLX https://t.co/oEJE1TKqkw')
('2017-04-16 12:18:26', 'Disney Studios Continues Its Box Office Domination https://t.co/YhbVEqxJ8N $GOOG $GOOGL $NFLX $DIS https://t.co/xbQcm7Er8t')
('2017-04-16 12:05:13', 'RT @AverageJoeTradr: Focused #earnings $NFLX $HOG $BAC  $GS $UNH $JNJ $IBM $GE $QCOM $VZ $SCHW $MS $CUDA $BX $PGR $V $MTB  $ABT $UAL $CMA $‰Û_')
('2017-04-16 12:04:29', 'Focused #earnings $NFLX $HOG $BAC  $GS $UNH $JNJ $IBM $GE $QCOM $VZ $SCHW $MS $CUDA $BX $PGR $V $MTB  $ABT $UAL‰Û_ https://t.co/o92NWDj5R0')
('2017-04-16 11:45:34', 'RT @Puru__Saxena: I may be wrong but those piling into $AMZN $NFLX and $TSLA today will probably be disappointed! The growth is already ba‰Û_')
('2017-04-16 11:42:51', 'FREE DAILY OPTION TRADE. Sign up for our DAILY FREE TRADE at https://t.co/78FVQDKYyw \n\n$LULU $UAL $WFM $NFLX $BABA $AMZN $GOOGL $C $BAC $JPM')
('2017-04-16 11:41:50', 'RT @eWhispers: #earnings $BAC $NFLX $GS $UNH $JNJ $IBM $GE $QCOM $VZ $SCHW $MS $CUDA $BX $PGR $V $MTB $HOG $ABT $UAL $CMA $RF $USB  https:/‰Û_')
('2017-04-16 11:41:50', 'RT @eWhispers: #earnings $BAC $NFLX $GS $UNH $JNJ $IBM $GE $QCOM $VZ $SCHW $MS $CUDA $BX $PGR $V $MTB $HOG $ABT $UAL $CMA $RF $USB  https:/‰Û_')
('2017-04-16 11:41:50', 'RT @eWhispers: #earnings $BAC $NFLX $GS $UNH $JNJ $IBM $GE $QCOM $VZ $SCHW $MS $CUDA $BX $PGR $V $MTB $HOG $ABT $UAL $CMA $RF $USB  https:/‰Û_')
('2017-04-16 11:41:33', 'RT @eWhispers: #earnings $BAC $NFLX $GS $UNH $JNJ $IBM $GE $QCOM $VZ $SCHW $MS $CUDA $BX $PGR $V $MTB $HOG $ABT $UAL $CMA $RF $USB  https:/‰Û_')
('2017-04-16 11:29:17', 'RT @jsomaney: $NFLX bulls and bears in a steel cage match @reedhastings Buy the company @tim_cook  https://t.co/PlwMayzvg2')
('2017-04-16 11:25:05', 'Get #Stocks #Options #Trading Idea on $NFLX #Nasdaq ahead of #Earnings 17 Apr - HERE on our #mtbanalysis Mag &gt;‰Û_ https://t.co/17Ko2shfWZ')
('2017-04-16 11:25:05', 'Get #Stocks #Options #Trading Idea on $NFLX #Nasdaq ahead of #Earnings 17 Apr - HERE on our #mtbanalysis Mag &gt;‰Û_ https://t.co/DWo9OSBOaR')
('2017-04-16 11:25:04', 'Get #Stocks #Options #Trading Idea on $NFLX #Nasdaq ahead of #Earnings 17 Apr - HERE on our #mtbanalysis Mag &gt;‰Û_ https://t.co/PTI7MwqeoM')
('2017-04-16 11:25:04', 'Get #Stocks #Options #Trading Idea on $NFLX #Nasdaq ahead of #Earnings 17 Apr - HERE on our #mtbanalysis Mag &gt;‰Û_ https://t.co/rY4lN0RNb7')
('2017-04-16 11:25:04', 'Get #Stocks #Options #Trading Idea on $NFLX #Nasdaq ahead of #Earnings 17 Apr - HERE on our #mtbanalysis Mag &gt;‰Û_ https://t.co/PDMdvg1cwi')
('2017-04-16 11:25:04', 'Get #Stocks #Options #Trading Idea on $NFLX #Nasdaq ahead of #Earnings 17 Apr - HERE on our #mtbanalysis Mag &gt;‰Û_ https://t.co/qNwkgwiLmO')
('2017-04-16 11:22:02', 'Will this be an egg-cellent Easter for #Netflix? $NFLX Also $BAC $GE $JNJ $V $VZ https://t.co/bagkJ6ff6d')
('2017-04-16 10:51:23'," ""RT @Investing_Books: Liar's Poker by Michael Lewis: https://t.co/b8y3x8Enn1 $WFM $JPM $C $AAPL $TSLA $NFLX $SPY"")"
('2017-04-16 10:50:05', 'Not sure what to do with $NFLX? Explore our #fundamental pros and cons.  https://t.co/YSZaL1TjnL')
('2017-04-16 10:48:55'," ""Liar's Poker by Michael Lewis: https://t.co/b8y3x8Enn1 $WFM $JPM $C $AAPL $TSLA $NFLX $SPY"")"
('2017-04-16 10:41:59', 'RT @eWhispers: #earnings $BAC $NFLX $GS $UNH $JNJ $IBM $GE $QCOM $VZ $SCHW $MS $CUDA $BX $PGR $V $MTB $HOG $ABT $UAL $CMA $RF $USB  https:/‰Û_')
('2017-04-16 10:37:06', '$NFLX $IBM $EBAY:\n\nThe Technology Sector And A Longer-Term Look At S&amp;P 500 Earnings:\n\nhttps://t.co/pkPf9T9iye')
('2017-04-16 09:50:52', 'RT @Investing_Books: How to Day Trade Stocks for Profit by Harvey Walsh: https://t.co/8blKvU48MG $SPY $AAPL $SPX $GOOGL $AMZN $NFLX $TSLA')
('2017-04-16 09:49:20', 'How to Day Trade Stocks for Profit by Harvey Walsh: https://t.co/8blKvU48MG $SPY $AAPL $SPX $GOOGL $AMZN $NFLX $TSLA')
('2017-04-16 09:45:08', '$NFLX #Nasdaq #Stocks #Options #Trading Idea - Analysis #Charts &amp; Setup Ahead of @netflix #Earnings 17 Apr &gt;&gt;‰Û_ https://t.co/8aD0BhoW6c')
('2017-04-16 09:02:24', 'RT @janekwagner: How Would An Apple-Disney Merger Make Any Sense? https://t.co/9W5ey0VHKy $DIS $NFLX $AAPL')
('2017-04-16 09:01:05', 'How Would An Apple-Disney Merger Make Any Sense? https://t.co/9W5ey0VHKy $DIS $NFLX $AAPL')
('2017-04-16 08:52:02', 'Wondering about #sentiment indicator for $NFLX? The Short Ratio is 5.24% https://t.co/RH4e4PjU5x')
('2017-04-16 08:07:05', 'Netflix Inc. $NFLX Stock Live Analysis 01-06-2017 #tradeideas\n https://t.co/5DhE9bGkuh')
('2017-04-16 07:50:05', 'Do you know that #Book Value for $NFLX is $6.23 https://t.co/YINtidFsri')
('2017-04-16 07:31:43', 'RT @eWhispers: #earnings $BAC $NFLX $GS $UNH $JNJ $IBM $GE $QCOM $VZ $SCHW $MS $CUDA $BX $PGR $V $MTB $HOG $ABT $UAL $CMA $RF $USB  https:/‰Û_')
('2017-04-16 07:10:46', 'RT @Puru__Saxena: I may be wrong but those piling into $AMZN $NFLX and $TSLA today will probably be disappointed! The growth is already ba‰Û_')
('2017-04-16 07:00:47', 'RT @eWhispers: #earnings $BAC $NFLX $GS $UNH $JNJ $IBM $GE $QCOM $VZ $SCHW $MS $CUDA $BX $PGR $V $MTB $HOG $ABT $UAL $CMA $RF $USB  https:/‰Û_')
('2017-04-16 06:53:15', 'RT @Games_cloud: PLACEMENT: $AAPL $NFLX Investing #stocks #admiralmarkets https://t.co/hl1jLHBc9R')
('2017-04-16 06:51:08', 'PLACEMENT: $AAPL $NFLX Investing #stocks #admiralmarkets https://t.co/hl1jLHBc9R')
('2017-04-16 06:47:18', 'Netflix Inc. $NFLX Rating Reiterated by MKM Partners https://t.co/DHFTMdKXtQ')
('2017-04-16 06:45:06', 'LONG #Stocks #Options #Trading Idea on $NFLX  ahead of #Earnings 17 Apr - HERE on our #mtbanalysis Mag &gt;‰Û_ https://t.co/gp5JGwugwv')
('2017-04-16 06:45:06', 'LONG #Stocks #Options #Trading Idea on $NFLX  ahead of #Earnings 17 Apr - HERE on our #mtbanalysis Mag &gt;‰Û_ https://t.co/FYCSvY3ilg')
('2017-04-16 06:45:06', 'LONG #Stocks #Options #Trading Idea on $NFLX  ahead of #Earnings 17 Apr - HERE on our #mtbanalysis Mag &gt;‰Û_ https://t.co/HZAsMCC9Px')
('2017-04-16 06:45:05', 'LONG #Stocks #Options #Trading Idea on $NFLX  ahead of #Earnings 17 Apr - HERE on our #mtbanalysis Mag &gt;‰Û_ https://t.co/QPxPG9Ytqy')
('2017-04-16 06:45:05', 'LONG #Stocks #Options #Trading Idea on $NFLX  ahead of #Earnings 17 Apr - HERE on our #mtbanalysis Mag &gt;‰Û_ https://t.co/FglDQzXruG')
('2017-04-16 06:45:05', 'LONG #Stocks #Options #Trading Idea on $NFLX  ahead of #Earnings 17 Apr - HERE on our #mtbanalysis Mag &gt;‰Û_ https://t.co/XQbF97p8rA')
('2017-04-16 06:38:00', 'RT @eWhispers: #earnings $BAC $NFLX $GS $UNH $JNJ $IBM $GE $QCOM $VZ $SCHW $MS $CUDA $BX $PGR $V $MTB $HOG $ABT $UAL $CMA $RF $USB  https:/‰Û_')
('2017-04-16 06:35:10', 'RT @JustinPulitzer: Weekend Review Video 4/16: $VIX $TLT $GLD $SLV $IBB $SPY $IWM $QQQ $MSFT $AAPL $AMZN $FB $NFLX $TSLA $CAT $IBM $QCOM ht‰Û_')
('2017-04-16 05:54:49', 'RT @JustinPulitzer: Weekend Review Video 4/16: $VIX $TLT $GLD $SLV $IBB $SPY $IWM $QQQ $MSFT $AAPL $AMZN $FB $NFLX $TSLA $CAT $IBM $QCOM ht‰Û_')
('2017-04-16 05:42:20', 'RT @Puru__Saxena: I may be wrong but those piling into $AMZN $NFLX and $TSLA today will probably be disappointed! The growth is already ba‰Û_')
('2017-04-16 05:33:19', 'RT @JustinPulitzer: Weekend Review Video 4/16: $VIX $TLT $GLD $SLV $IBB $SPY $IWM $QQQ $MSFT $AAPL $AMZN $FB $NFLX $TSLA $CAT $IBM $QCOM ht‰Û_')
('2017-04-16 05:27:48'," ""10 Helpful Personal Finance Tips That Won't Require Drastic Lifes... https://t.co/36e0vgJTfd $SBUX $NFLX"")"
('2017-04-16 05:05:09', 'Is #Netflix $NFLX Setting up for a LONG ahead of #Earnings 17 Apr? Get Analysis &amp; #Stocks #Option Play HERE &gt;&gt;‰Û_ https://t.co/NGdqUNOwmO')
('2017-04-16 05:02:21', 'Netflix to release earnings on Monday. Analysts expect 0.37 EPS.  $NFLX https://t.co/snVR3Eylzu')
('2017-04-16 04:56:55', 'Get Today‰Ûªs Netflix Stock Prediction and S&amp;P500  Forecast https://t.co/0jXfDsuQOi   $nflx #premarket #stockmarket  $spy')
('2017-04-16 04:56:55', 'Get Today‰Ûªs Netflix Stock Prediction and S&amp;P500  Forecast https://t.co/GzSF6j3nKl   $nflx #premarket #stockmarket  $spy')
('2017-04-16 04:56:55', 'Get Today‰Ûªs Netflix Stock Prediction and S&amp;P500  Forecast https://t.co/Lou2bdfjjP   $nflx #premarket #stockmarket  $spy')
('2017-04-16 04:56:55', 'Get Today‰Ûªs Netflix Stock Prediction and S&amp;P500  Forecast https://t.co/kjS7ti3fvh   $nflx #premarket #stockmarket  $spy')
('2017-04-16 04:56:55', 'Get Today‰Ûªs Netflix Stock Prediction and S&amp;P500  Forecast https://t.co/dIb40reOlv   $nflx #premarket #stockmarket  $spy')
('2017-04-16 04:56:55', 'Get Today‰Ûªs Netflix Stock Prediction and S&amp;P500  Forecast https://t.co/tkyZPbda87   $nflx #premarket #stockmarket  $spy')
('2017-04-16 04:56:55', 'Get Today‰Ûªs Netflix Stock Prediction and S&amp;P500  Forecast https://t.co/NG2AzWhWJx   $nflx #premarket #stockmarket  $spy')
('2017-04-16 04:56:55', 'Get Today‰Ûªs Netflix Stock Prediction and S&amp;P500  Forecast https://t.co/D9kHjd0JHV   $nflx #premarket #stockmarket  $spy')
('2017-04-16 04:56:55', 'Get Today‰Ûªs Netflix Stock Prediction and S&amp;P500  Forecast https://t.co/j4JtiPtRjd   $nflx #premarket #stockmarket  $spy')
('2017-04-16 04:56:55', 'Get Today‰Ûªs Netflix Stock Prediction and S&amp;P500  Forecast https://t.co/fHEsfYgmpO   $nflx #premarket #stockmarket  $spy')
('2017-04-16 04:56:55', 'Get Today‰Ûªs Netflix Stock Prediction and S&amp;P500  Forecast https://t.co/bngI7MgAyU   $nflx #premarket #stockmarket  $spy')
('2017-04-16 04:56:55', 'Get Today‰Ûªs Netflix Stock Prediction and S&amp;P500  Forecast https://t.co/NGQm19qjIa   $nflx #premarket #stockmarket  $spy')
('2017-04-16 04:56:55', 'Get Today‰Ûªs Netflix Stock Prediction and S&amp;P500  Forecast https://t.co/UaTRoJdMHF   $nflx #premarket #stockmarket  $spy')
('2017-04-16 04:47:57'," 'RT @option_snipper: Funny to see lots of ""chartists"" make judgment ONLY based on DAILY charts... check weekly &amp; monthly w/ BOLL $TSLA $CMG‰Û_')"
('2017-04-16 04:43:42'," 'Funny to see lots of ""chartists"" make judgment ONLY based on DAILY charts... check weekly &amp; monthly w/ BOLL $TSLA $CMG $FB $NFLX $AAPL $AMZN')"
('2017-04-16 04:42:55', 'RT @traderstewie: $NFLX earnings on Monday!! \n\nThat atta spice things up!')
('2017-04-16 04:34:36', 'RT @Puru__Saxena: I may be wrong but those piling into $AMZN $NFLX and $TSLA today will probably be disappointed! The growth is already ba‰Û_')
('2017-04-16 04:34:20', '@mckeevjm I hate mistakes but have made many. thoughts on $AMBA $TWTR yuk..Thinking of buying $NFLX b/4 earnings.  Luv $KITE $JUNO $FB long')
('2017-04-16 04:34:04', 'RT @Puru__Saxena: I may be wrong but those piling into $AMZN $NFLX and $TSLA today will probably be disappointed! The growth is already ba‰Û_')
('2017-04-16 04:32:49', 'RT @curtmelonopoly: #earnings $BAC $NFLX $GS $UNH $JNJ $IBM $GE $QCOM $VZ $SCHW $MS $CUDA $BX $PGR $V $MTB $HOG $ABT $UAL $CMA $RF $USB ‰_µ h‰Û_')
('2017-04-16 04:27:03'," ""10 Helpful Personal Finance Tips That Won't Require Drastic Lifes... https://t.co/DLPLN50juR $SBUX $NFLX"")"
('2017-04-16 04:21:47', 'RT @JustinPulitzer: Weekend Review Video 4/16: $VIX $TLT $GLD $SLV $IBB $SPY $IWM $QQQ $MSFT $AAPL $AMZN $FB $NFLX $TSLA $CAT $IBM $QCOM ht‰Û_')
('2017-04-16 04:09:56', 'RT @curtmelonopoly: #earnings $BAC $NFLX $GS $UNH $JNJ $IBM $GE $QCOM $VZ $SCHW $MS $CUDA $BX $PGR $V $MTB $HOG $ABT $UAL $CMA $RF $USB ‰_µ h‰Û_')
('2017-04-16 04:07:35', 'RT @JustinPulitzer: Weekend Review Video 4/16: $VIX $TLT $GLD $SLV $IBB $SPY $IWM $QQQ $MSFT $AAPL $AMZN $FB $NFLX $TSLA $CAT $IBM $QCOM ht‰Û_')
('2017-04-16 03:55:09', 'Market top ironically $SNAP 2400 IPO $XLK $VGT $AAPL $TSLA $NFLX $GOOG $AMZN $FB $TWTR Free Daily Trade LIVE Stream: https://t.co/DrcI6XSmxt')
('2017-04-16 03:54:27'," ""RT @Puru__Saxena: Remember how the internet companies were supposed to change the world in '99-'00? See similarities with $AMZN $NFLX and‰Û_"")"
('2017-04-16 03:54:13', 'RT @Puru__Saxena: I may be wrong but those piling into $AMZN $NFLX and $TSLA today will probably be disappointed! The growth is already ba‰Û_')
('2017-04-16 03:40:05', 'RT @420WeedStreet: $SPY $ES_F $SPX $QQQ $IWM $GS $CMG $BAC $AAPL $BABA $C $JPM $NFLX  $BIDU $SNAP $FB $DJI $DJIA $USO $VIX $UVXY $PCLN http‰Û_')
('2017-04-16 03:39:17', 'RT @420WeedStreet: $SPY $ES_F $SPX $QQQ $IWM $GS $CMG $BAC $AAPL $BABA $C $JPM $NFLX  $BIDU $SNAP $FB $DJI $DJIA $USO $VIX $UVXY $PCLN http‰Û_')
('2017-04-16 03:35:34', '$SPY $ES_F $SPX $QQQ $IWM $GS $CMG $BAC $AAPL $BABA $C $JPM $NFLX  $BIDU $SNAP $FB $DJI $DJIA $USO $VIX $UVXY $PCLN https://t.co/5A9EMRYInI')
('2017-04-16 03:27:28', '$NFLX Max Pain is 144.00 for maturity 04/21/2017. Prev Close = 142.92.  https://t.co/lEgRWXkWfU https://t.co/qzMP5sAgAJ')
('2017-04-16 03:27:11', 'RT @JustinPulitzer: Weekend Review Video 4/16: $VIX $TLT $GLD $SLV $IBB $SPY $IWM $QQQ $MSFT $AAPL $AMZN $FB $NFLX $TSLA $CAT $IBM $QCOM ht‰Û_')
('2017-04-16 03:26:06', 'RT @eWhispers: #earnings $BAC $NFLX $GS $UNH $JNJ $IBM $GE $QCOM $VZ $SCHW $MS $CUDA $BX $PGR $V $MTB $HOG $ABT $UAL $CMA $RF $USB  https:/‰Û_')
('2017-04-16 03:20:23', 'Weekend Review Video 4/16: $VIX $TLT $GLD $SLV $IBB $SPY $IWM $QQQ $MSFT $AAPL $AMZN $FB $NFLX $TSLA $CAT $IBM $QCOM https://t.co/Fpiq7YVYnb')
('2017-04-16 03:15:03', 'Are you Bullish or Bearish on #Netflix? Start #Trading $NFLX with #Bitcoin. 15:1 Leverage. #Cool #Gif #Stocks‰Û_ https://t.co/EZfT4yFnmV')
('2017-04-16 03:07:26', 'RT @420WeedStreet: $SPY Oh boy!!  $SPX $QQQ $IWM $GS $CMG $BAC $AAPL $BABA $C $JPM $NFLX  $BIDU $SNAP $FB $DJI $DJIA $USO $VIX $UVXY $ http‰Û_')
('2017-04-16 03:02:08', 'How did $AMZN $GOOG TSLA $NFLX $FB react the last time we raised rates 4 times?')
('2017-04-16 02:55:35', 'NFLX SHORT UPON EARNINGS  $NFLX https://t.co/QFo72dQ7Jb TV_TradingIdeas')
('2017-04-16 02:53:44', 'NFLX SHORT UPON EARNINGS  $NFLX https://t.co/NJFs4cDkgo')
('2017-04-16 02:48:52'," ""RT @Puru__Saxena: Remember how the internet companies were supposed to change the world in '99-'00? See similarities with $AMZN $NFLX and‰Û_"")"
('2017-04-16 02:48:31', 'RT @Puru__Saxena: I may be wrong but those piling into $AMZN $NFLX and $TSLA today will probably be disappointed! The growth is already ba‰Û_')
('2017-04-16 02:45:23', 'Why are $NFLX expectations so high? ER MONDAY AFTER MKT! via /r/wallstreetbets https://t.co/ymE0hmDCtE')
('2017-04-16 02:37:19', 'RT @WallStJesus: ‰_«JUMPS IN NASDAQ SHORTS: $WIN $CY $FEYE $NUAN $RCII $ON $AUPH $CERN $YHOO $ESRX $AAL $NFLX $IMMU $ENDP $OSUR $FB $MSFT $EX‰Û_')
('2017-04-16 02:37:15', 'RT @traderstewie: $NFLX earnings on Monday!! \n\nThat atta spice things up!')
('2017-04-16 02:30:33', 'RT @420WeedStreet: $SPY Oh boy!!  $SPX $QQQ $IWM $GS $CMG $BAC $AAPL $BABA $C $JPM $NFLX  $BIDU $SNAP $FB $DJI $DJIA $USO $VIX $UVXY $ http‰Û_')
('2017-04-16 02:27:00', '$SPY Oh boy!!  $SPX $QQQ $IWM $GS $CMG $BAC $AAPL $BABA $C $JPM $NFLX  $BIDU $SNAP $FB $DJI $DJIA $USO $VIX $UVXY $ https://t.co/NxMdeKlM0L')
('2017-04-16 02:26:50', 'RT @traderstewie: $NFLX earnings on Monday!! \n\nThat atta spice things up!')
('2017-04-16 02:16:11', 'Why are $NFLX expectations so high? ER MONDAY AFTER MKT! via https://t.co/bJGRzzLPU9')
('2017-04-16 02:11:07', '#WallStreet Why are $NFLX expectations so high? ER MONDAY AFTER MKT! https://t.co/pqT3heaRDs https://t.co/37rkiL8lSB https://t.co/bFPSRHZ56D')
('2017-04-16 01:55:42', '@collinmelink Not saying $AMZN $NFLX $TSLA will fall 50-90% but the risk is very high here IMO')
('2017-04-16 01:44:52', 'RT @ExactOptionPick: Lack of trading ideas is the top complaint of new option traders.\n\nhttps://t.co/78FVQDKYyw\n$AAPL $NFLX $AMZN $GOOGL $B‰Û_')
('2017-04-16 01:44:52', 'RT @ExactOptionPick: Lack of trading ideas is the top complaint of new option traders.\n\nhttps://t.co/78FVQDKYyw\n$AAPL $NFLX $AMZN $GOOGL $B‰Û_')
('2017-04-16 01:44:52', 'Here‰Ûªs how Wall Street is sharing its secrets https://t.co/9vMRcc8nok via @business\n\n$GS $XLF $JPM $BAC $AAPL $MSFT $AMZN $NFLX $GOOGL')
('2017-04-16 01:44:45', 'Lack of trading ideas is the top complaint of new option traders.\n\nhttps://t.co/78FVQDKYyw\n$AAPL $NFLX $AMZN $GOOGL $BABA  $WYNN $NVDA $PCLN')
('2017-04-16 01:43:27', 'RT @eWhispers: #earnings $BAC $NFLX $GS $UNH $JNJ $IBM $GE $QCOM $VZ $SCHW $MS $CUDA $BX $PGR $V $MTB $HOG $ABT $UAL $CMA $RF $USB  https:/‰Û_')
('2017-04-16 01:42:15', 'RT @traderstewie: $NFLX earnings on Monday!! \n\nThat atta spice things up!')
('2017-04-16 01:42:14', '#earnings $BAC $NFLX $GS $UNH $JNJ $IBM $GE $QCOM $VZ $SCHW $MS $CUDA $BX $PGR $V $MTB $HOG $ABT $UAL $CMA $RF $USB‰Û_ https://t.co/IS69wDuUor')
('2017-04-16 01:39:06', 'RT @traderstewie: $NFLX earnings on Monday!! \n\nThat atta spice things up!')
('2017-04-16 01:38:02', 'RT @420WeedStreet: $SPY BOMBS AWAY!! $SPX $QQQ $IWM $GS $CMG $BAC $AAPL $BABA $C $JPM $NFLX  $BIDU $SNAP $FB $DJI $DJIA $USO $VIX $UVXY htt‰Û_')
('2017-04-16 01:36:57', '$SPY BOMBS AWAY!! $SPX $QQQ $IWM $GS $CMG $BAC $AAPL $BABA $C $JPM $NFLX  $BIDU $SNAP $FB $DJI $DJIA $USO $VIX $UVXY https://t.co/d5dLbLyAdC')
('2017-04-16 01:32:32', 'RT @eWhispers: #earnings $BAC $NFLX $GS $UNH $JNJ $IBM $GE $QCOM $VZ $SCHW $MS $CUDA $BX $PGR $V $MTB $HOG $ABT $UAL $CMA $RF $USB  https:/‰Û_')
('2017-04-16 01:26:39'," ""@Puru__Saxena You may be correct on $TSLA n $NFLX but  $AMZN could qualify as 1 of yur durable moat business. It's‰Û_ https://t.co/3tRTONDQA4"")"
('2017-04-16 01:25:26'," ""Remember how the internet companies were supposed to change the world in '99-'00? See similarities with $AMZN $NFLX and $TSLA? _Ù_Ó"")"
('2017-04-16 01:25:06', 'RT @traderstewie: $NFLX earnings on Monday!! \n\nThat atta spice things up!')
('2017-04-16 01:25:05', 'Is #Netflix $NFLX Setting up for a LONG ahead of #Earnings 17 Apr? Get Analysis &amp; #Stocks #Option Play HERE &gt;&gt;‰Û_ https://t.co/yqyqrTxFRQ')
('2017-04-16 01:25:04', 'Is #Netflix $NFLX Setting up for a LONG ahead of #Earnings 17 Apr? Get Analysis &amp; #Stocks #Option Play HERE &gt;&gt;‰Û_ https://t.co/ZzpmlDdDrS')
('2017-04-16 01:25:04', 'Is #Netflix $NFLX Setting up for a LONG ahead of #Earnings 17 Apr? Get Analysis &amp; #Stocks #Option Play HERE &gt;&gt;‰Û_ https://t.co/4NhSosofar')
('2017-04-16 01:25:04', 'Is #Netflix $NFLX Setting up for a LONG ahead of #Earnings 17 Apr? Get Analysis &amp; #Stocks #Option Play HERE &gt;&gt;‰Û_ https://t.co/qF8Ulb1zaY')
('2017-04-16 01:25:04', 'Is #Netflix $NFLX Setting up for a LONG ahead of #Earnings 17 Apr? Get Analysis &amp; #Stocks #Option Play HERE &gt;&gt;‰Û_ https://t.co/UEiz3jINrD')
('2017-04-16 01:25:04', 'Is #Netflix $NFLX Setting up for a LONG ahead of #Earnings 17 Apr? Get Analysis &amp; #Stocks #Option Play HERE &gt;&gt;‰Û_ https://t.co/KtErqmohvb')
('2017-04-16 01:15:43', 'I may be wrong but those piling into $AMZN $NFLX and $TSLA today will probably be disappointed! The growth is already baked in the price.')
('2017-04-16 01:03:03', 'Netflix Inc. $NFLX Expected to Announce Earnings of $0.38 Per Share https://t.co/Bm7P2TYmuO')
('2017-04-16 01:01:06', 'RT @eWhispers: #earnings $BAC $NFLX $GS $UNH $JNJ $IBM $GE $QCOM $VZ $SCHW $MS $CUDA $BX $PGR $V $MTB $HOG $ABT $UAL $CMA $RF $USB  https:/‰Û_')
('2017-04-16 00:57:47', 'Netflix Inc. $NFLX Expected to Announce Earnings of $0.38 Per Share https://t.co/8DIxmwhaMo')
('2017-04-16 00:56:44', 'RT @eWhispers: #earnings $BAC $NFLX $GS $UNH $JNJ $IBM $GE $QCOM $VZ $SCHW $MS $CUDA $BX $PGR $V $MTB $HOG $ABT $UAL $CMA $RF $USB  https:/‰Û_')
('2017-04-16 00:54:17', 'RT @optioncharts: $NFLX maturity 04/21/2017 Vol PutCallRatio of 1.31 puts=18129 calls=13793 . https://t.co/x6H2A75Vm5 https://t.co/Uz61vg‰Û_')
('2017-04-16 00:52:56', 'RT @traderstewie: $NFLX earnings on Monday!! \n\nThat atta spice things up!')
('2017-04-16 00:51:59', 'RT @eWhispers: #earnings $BAC $NFLX $GS $UNH $JNJ $IBM $GE $QCOM $VZ $SCHW $MS $CUDA $BX $PGR $V $MTB $HOG $ABT $UAL $CMA $RF $USB  https:/‰Û_')
('2017-04-16 00:48:14', 'RT @eWhispers: #earnings $BAC $NFLX $GS $UNH $JNJ $IBM $GE $QCOM $VZ $SCHW $MS $CUDA $BX $PGR $V $MTB $HOG $ABT $UAL $CMA $RF $USB  https:/‰Û_')
('2017-04-16 00:45:30', 'RT @420WeedStreet: $SPY No further comments. Now ACTIONS? $SPX $QQQ $IWM $GS $CMG $BAC $AAPL $BABA $C $JPM $NFLX  $BIDU $SNAP $FB $DJI $DJI‰Û_')
('2017-04-16 00:45:03', 'RT @traderstewie: $NFLX earnings on Monday!! \n\nThat atta spice things up!')
('2017-04-16 00:22:58', 'RT @ThePitBoss16: US #Earnings To Watch Monday After Close Apr 17 2017 $BRO $NFLX $CE $PNFP $UAL $CUDA #netflix #united $SPX $QQQ https://t‰Û_')
('2017-04-16 00:22:32', 'RT @ThePitBoss16: #Netflix Consensus Forecast EPS 37c up from 6c year ago revenue expected up 35% to $2.64 billion $NFLX $QQQ $SPX  \nhttps:‰Û_')
('2017-04-16 00:21:38', 'RT @ThePitBoss16: What to Expect From #NetFlix $NFLX #Earnings This Week $QQQ @Lizardjb3 @TradersCom @HeidsterTrades #FANG $SPX $QQQ https:‰Û_')
('2017-04-16 00:20:40'," ""RT @WrigleyTom: What to watch for w/ER's this week | IBD\n\n$NFLX $QCOM $IBM $EBAY\n$GS $MS $BAC $LRCX $GE\n\nhttps://t.co/ZZN6aZPLmD https://t.‰Û_"")"
('2017-04-16 00:16:56'," ""RT @OphirGottlieb: https://t.co/uHAkmQU8wn\nMillennials love Netflix stock and it's not the only tech company they're investing in\n-\n$NFLX"")"
('2017-04-16 00:16:42', 'RT @traderstewie: $NFLX earnings on Monday!! \n\nThat atta spice things up!')
('2017-04-16 00:15:49', 'RT @traderstewie: $NFLX earnings on Monday!! \n\nThat atta spice things up!')
('2017-04-16 00:13:27', 'RT @eWhispers: #earnings $BAC $NFLX $GS $UNH $JNJ $IBM $GE $QCOM $VZ $SCHW $MS $CUDA $BX $PGR $V $MTB $HOG $ABT $UAL $CMA $RF $USB  https:/‰Û_')
('2017-04-16 00:10:54', 'RT @traderstewie: $NFLX earnings on Monday!! \n\nThat atta spice things up!')
('2017-04-16 00:09:25'," ""RT @OphirGottlieb: https://t.co/uHAkmQU8wn\nMillennials love Netflix stock and it's not the only tech company they're investing in\n-\n$NFLX"")"
('2017-04-16 00:06:57', 'RT @traderstewie: $NFLX earnings on Monday!! \n\nThat atta spice things up!')
('2017-04-16 00:05:48'," ""https://t.co/uHAkmQU8wn\nMillennials love Netflix stock and it's not the only tech company they're investing in\n-\n$NFLX"")"
('2017-04-16 00:01:11', 'RT @eWhispers: #earnings $BAC $NFLX $GS $UNH $JNJ $IBM $GE $QCOM $VZ $SCHW $MS $CUDA $BX $PGR $V $MTB $HOG $ABT $UAL $CMA $RF $USB  https:/‰Û_')
('2017-04-15 23:59:19', 'RT @WallStJesus: ‰_«JUMPS IN NASDAQ SHORTS: $WIN $CY $FEYE $NUAN $RCII $ON $AUPH $CERN $YHOO $ESRX $AAL $NFLX $IMMU $ENDP $OSUR $FB $MSFT $EX‰Û_')
('2017-04-15 23:56:58', 'RT @420WeedStreet: $SPY Attempt made by NK @POTUS turn! $SPX $QQQ $IWM $GS $CMG $BAC $AAPL $BABA $C $JPM $NFLX  $BIDU $SNAP $FB $DJI $DJIA‰Û_')
('2017-04-15 23:56:36', 'RT @traderstewie: $NFLX earnings on Monday!! \n\nThat atta spice things up!')
('2017-04-15 23:56:00', 'RT @traderstewie: $NFLX earnings on Monday!! \n\nThat atta spice things up!')
('2017-04-15 23:55:33', '$NFLX earnings on Monday!! \n\nThat atta spice things up!')
('2017-04-15 23:55:05', 'LONG #Stocks #Options #Trading Idea on $NFLX  ahead of #Earnings 17 Apr - HERE on our #mtbanalysis Mag &gt;‰Û_ https://t.co/i0r28RY1Mu')
('2017-04-15 23:54:46', '$SPY Attempt made by NK @POTUS turn! $SPX $QQQ $IWM $GS $CMG $BAC $AAPL $BABA $C $JPM $NFLX  $BIDU $SNAP $FB $DJI‰Û_ https://t.co/GDTWwo1KFy')
('2017-04-15 23:50:35', 'RT @eWhispers: #earnings $BAC $NFLX $GS $UNH $JNJ $IBM $GE $QCOM $VZ $SCHW $MS $CUDA $BX $PGR $V $MTB $HOG $ABT $UAL $CMA $RF $USB  https:/‰Û_')
('2017-04-15 23:48:21', 'RT @WallStJesus: ‰_«JUMPS IN NASDAQ SHORTS: $WIN $CY $FEYE $NUAN $RCII $ON $AUPH $CERN $YHOO $ESRX $AAL $NFLX $IMMU $ENDP $OSUR $FB $MSFT $EX‰Û_')
('2017-04-15 23:44:05', 'RT @eWhispers: #earnings $BAC $NFLX $GS $UNH $JNJ $IBM $GE $QCOM $VZ $SCHW $MS $CUDA $BX $PGR $V $MTB $HOG $ABT $UAL $CMA $RF $USB  https:/‰Û_')
('2017-04-15 23:40:46', 'RT @eWhispers: #earnings $BAC $NFLX $GS $UNH $JNJ $IBM $GE $QCOM $VZ $SCHW $MS $CUDA $BX $PGR $V $MTB $HOG $ABT $UAL $CMA $RF $USB  https:/‰Û_')
('2017-04-15 23:40:19', 'RT @eWhispers: #earnings $BAC $NFLX $GS $UNH $JNJ $IBM $GE $QCOM $VZ $SCHW $MS $CUDA $BX $PGR $V $MTB $HOG $ABT $UAL $CMA $RF $USB  https:/‰Û_')
('2017-04-15 23:39:42', 'RT @eWhispers: #earnings $BAC $NFLX $GS $UNH $JNJ $IBM $GE $QCOM $VZ $SCHW $MS $CUDA $BX $PGR $V $MTB $HOG $ABT $UAL $CMA $RF $USB  https:/‰Û_')
('2017-04-15 23:32:42'," 'RT @420WeedStreet: $SPY @POTUS ""North Korea is a problem &amp; Will B dealt w/"" $SPX $QQQ $IWM $GS $CMG $BAC $AAPL $C $JPM $NFLX $SNAP $FB $DJI‰Û_')"
('2017-04-15 23:27:44'," '$SPY @POTUS ""North Korea is a problem &amp; Will B dealt w/"" $SPX $QQQ $IWM $GS $CMG $BAC $AAPL $C $JPM $NFLX $SNAP $FB‰Û_ https://t.co/N9PxeoVjUE')"
('2017-04-15 23:10:18'," ""RT @WrigleyTom: What to watch for w/ER's this week | IBD\n\n$NFLX $QCOM $IBM $EBAY\n$GS $MS $BAC $LRCX $GE\n\nhttps://t.co/ZZN6aZPLmD https://t.‰Û_"")"
('2017-04-15 23:08:29', 'RT @420WeedStreet: $SPY @POTUS Time 4 #MOAB BOMBS AWAY? $SPX $QQQ $IWM $GS $CMG $BAC $AAPL $BABA $C $JPM $NFLX  $BIDU $SNAP $FB $DJI $DJIA‰Û_')
('2017-04-15 23:08:29', 'RT @Investing_Books: The Options Edge by Michael Khouw: https://t.co/pBPwt6iYHn $SPY $AAPL $AMZN $NFLX $PCLN $VIX')
('2017-04-15 23:06:52'," ""RT @420WeedStreet: $SPY Hmmm What's on the agenda?$SPX $QQQ $IWM $GS $CMG $BAC $AAPL $BABA $C $JPM $NFLX  $BIDU $SNAP $FB $DJI $DJIA $USO $‰Û_"")"
('2017-04-15 23:06:32', '$SPY @POTUS Time 4 #MOAB BOMBS AWAY? $SPX $QQQ $IWM $GS $CMG $BAC $AAPL $BABA $C $JPM $NFLX  $BIDU $SNAP $FB $DJI‰Û_ https://t.co/KPpcKrAopt')
('2017-04-15 23:04:52', 'RT @WallStJesus: ‰_«JUMPS IN NASDAQ SHORTS: $WIN $CY $FEYE $NUAN $RCII $ON $AUPH $CERN $YHOO $ESRX $AAL $NFLX $IMMU $ENDP $OSUR $FB $MSFT $EX‰Û_')
('2017-04-15 23:03:53', 'RT @WallStJesus: ‰_«JUMPS IN NASDAQ SHORTS: $WIN $CY $FEYE $NUAN $RCII $ON $AUPH $CERN $YHOO $ESRX $AAL $NFLX $IMMU $ENDP $OSUR $FB $MSFT $EX‰Û_')
('2017-04-15 22:58:38', '‰_«JUMPS IN NASDAQ SHORTS: $WIN $CY $FEYE $NUAN $RCII $ON $AUPH $CERN $YHOO $ESRX $AAL $NFLX $IMMU $ENDP $OSUR $FB‰Û_ https://t.co/OzRZdTBZKC')
('2017-04-15 22:56:22', 'RT @420WeedStreet: $SPY #BREAKING $SPX $QQQ $IWM $GS $CMG $BAC $AAPL $BABA $C $JPM $NFLX  $BIDU $SNAP $FB $DJI $DJIA $USO $VIX $UVXY @POTUS‰Û_')
('2017-04-15 22:53:42', '@SantaCruzTrader Short $nflx into earnings?')
('2017-04-15 22:53:27', '$SPY #BREAKING $SPX $QQQ $IWM $GS $CMG $BAC $AAPL $BABA $C $JPM $NFLX  $BIDU $SNAP $FB $DJI $DJIA $USO $VIX $UVXY‰Û_ https://t.co/tbv58wSe81')
('2017-04-15 22:52:08'," ""RT @WrigleyTom: What to watch for w/ER's this week | IBD\n\n$NFLX $QCOM $IBM $EBAY\n$GS $MS $BAC $LRCX $GE\n\nhttps://t.co/ZZN6aZPLmD https://t.‰Û_"")"
('2017-04-15 22:40:40', 'RT @mytradingbuddy: #Stocks #Options Play on $NFLX  Ahead of #Earnings 17 Apr - Analysis Charts &amp; Setup for #Trading this Stock &gt; https://‰Û_')
('2017-04-15 22:40:08', '#Stocks #Options Play on $NFLX  Ahead of #Earnings 17 Apr - Analysis Charts &amp; Setup for #Trading this Stock &gt;‰Û_ https://t.co/xnjgbL7nNg')
('2017-04-15 22:33:56', 'The Options Edge by Michael Khouw: https://t.co/pBPwt6iYHn $SPY $AAPL $AMZN $NFLX $PCLN $VIX')
('2017-04-15 22:21:57', '$NFLX Netflix releases earnings on Monday after the bell  I believe the stock to be over valued and overrated https://t.co/vUBHMTjFWh')
('2017-04-15 22:21:32'," ""$SPY Looks like it's going 2 happen regardless $SPX $QQQ $IWM $GS $CMG $BAC $AAPL $BABA $C $JPM $NFLX  $BIDU $SNAP‰Û_ https://t.co/OZyGZsBimg"")"
('2017-04-15 22:20:09', 'Is #Netflix $NFLX Setting up for a LONG ahead of #Earnings 17 Apr? Get Analysis &amp; #Stocks #Option Play HERE &gt;&gt;‰Û_ https://t.co/dZ4Aa8TDym')
('2017-04-15 22:20:08', 'Is #Netflix $NFLX Setting up for a LONG ahead of #Earnings 17 Apr? Get Analysis &amp; #Stocks #Option Play HERE &gt;&gt;‰Û_ https://t.co/OeejrWKOKR')
('2017-04-15 22:20:08', 'Is #Netflix $NFLX Setting up for a LONG ahead of #Earnings 17 Apr? Get Analysis &amp; #Stocks #Option Play HERE &gt;&gt;‰Û_ https://t.co/K3LMm9t5ga')
('2017-04-15 22:20:08', 'Is #Netflix $NFLX Setting up for a LONG ahead of #Earnings 17 Apr? Get Analysis &amp; #Stocks #Option Play HERE &gt;&gt;‰Û_ https://t.co/Zy1JxENrde')
('2017-04-15 22:20:08', 'Is #Netflix $NFLX Setting up for a LONG ahead of #Earnings 17 Apr? Get Analysis &amp; #Stocks #Option Play HERE &gt;&gt;‰Û_ https://t.co/v17YIHvFqW')
('2017-04-15 22:20:08', 'Is #Netflix $NFLX Setting up for a LONG ahead of #Earnings 17 Apr? Get Analysis &amp; #Stocks #Option Play HERE &gt;&gt;‰Û_ https://t.co/puGRmV9O0w')
('2017-04-15 22:17:38'," ""$SPY Hmmm What's on the agenda?$SPX $QQQ $IWM $GS $CMG $BAC $AAPL $BABA $C $JPM $NFLX  $BIDU $SNAP $FB $DJI $DJIA‰Û_ https://t.co/lN8YcvFHzK"")"
('2017-04-15 22:03:26'," ""RT @WrigleyTom: What to watch for w/ER's this week | IBD\n\n$NFLX $QCOM $IBM $EBAY\n$GS $MS $BAC $LRCX $GE\n\nhttps://t.co/ZZN6aZPLmD https://t.‰Û_"")"
('2017-04-15 22:02:58'," ""RT @WrigleyTom: What to watch for w/ER's this week | IBD\n\n$NFLX $QCOM $IBM $EBAY\n$GS $MS $BAC $LRCX $GE\n\nhttps://t.co/ZZN6aZPLmD https://t.‰Û_"")"
('2017-04-15 22:00:28'," ""What to watch for w/ER's this week | IBD\n\n$NFLX $QCOM $IBM $EBAY\n$GS $MS $BAC $LRCX $GE\n\nhttps://t.co/ZZN6aZPLmD https://t.co/0tN3IjRvqV"")"
('2017-04-15 21:55:53', 'RT @ThePitBoss16: What to Expect From #NetFlix $NFLX #Earnings This Week $QQQ @Lizardjb3 @TradersCom @HeidsterTrades #FANG $SPX $QQQ https:‰Û_')
('2017-04-15 21:47:48', 'RT @ThePitBoss16: #Netflix Consensus Forecast EPS 37c up from 6c year ago revenue expected up 35% to $2.64 billion $NFLX $QQQ $SPX  \nhttps:‰Û_')
('2017-04-15 21:44:22', '$NFLX maturity 04/21/2017 Vol PutCallRatio of 1.31 puts=18129 calls=13793 . https://t.co/x6H2A75Vm5 https://t.co/Uz61vgAKoj')
('2017-04-15 21:43:48', '#Netflix Consensus Forecast EPS 37c up from 6c year ago revenue expected up 35% to $2.64 billion $NFLX $QQQ $SPX  \nhttps://t.co/r0Cw4UjvIy')
('2017-04-15 21:43:45', 'RT @ThePitBoss16: What to Expect From #NetFlix $NFLX #Earnings This Week $QQQ @Lizardjb3 @TradersCom @HeidsterTrades #FANG $SPX $QQQ https:‰Û_')
('2017-04-15 21:42:22', 'RT @ThePitBoss16: What to Expect From #NetFlix $NFLX #Earnings This Week $QQQ @Lizardjb3 @TradersCom @HeidsterTrades #FANG $SPX $QQQ https:‰Û_')
('2017-04-15 21:42:11', 'What to Expect From #NetFlix $NFLX #Earnings This Week $QQQ @Lizardjb3 @TradersCom @HeidsterTrades #FANG $SPX $QQQ‰Û_ https://t.co/SfyHGFzAxn')
('2017-04-15 21:36:11', '@traderstewie $nflx earnings 4pm Monday  LONG 3 month base to me says big move  strangle I guess   Really seems good to play')
('2017-04-15 21:36:03', '@PipsToDollars $nflx earnings 4pm Monday  LONG 3 month base to me says big move  strangle I guess   Really seems good to play')
('2017-04-15 21:35:44', '@RedDogT3 $nflx earnings 4pm Monday  LONG 3 month base to me says big move  strangle I guess   Really seems good to play')
('2017-04-15 21:35:29', '@VeeDub78 $nflx earnings 4pm Monday  LONG 3 month base to me says big move  strangle I guess   Really seems good to play')
('2017-04-15 21:35:10', '@UPBOptionMil $nflx earnings 4pm Monday  LONG 3 month base to me says big move  strangle I guess   Really seems good to play')
('2017-04-15 21:35:00', '@JustinPulitzer $nflx earnings 4pm Monday  LONG 3 month base to me says big move  strangle I guess   Really seems good to play')
('2017-04-15 21:34:47', '@OMillionaires $nflx earnings 4pm Monday  LONG 3 month base to me says big move  strangle I guess   Really seems good to play')
('2017-04-15 21:30:08', 'RT @15minofPham: Closed below 50 DMA and # of days prev above: $NFLX 137 $XLY 105 $XLK 87 $WFT 49 $ING 29')
('2017-04-15 21:29:16'," ""RT @jefffocker: $nflx everyone and their mother is leaning long .. I think it's ready to fill the gap at 135"")"
('2017-04-15 21:29:13', '@jefffocker $nflx  i am in puts for earnings  nice long 3 month base means big down move imo')
('2017-04-15 21:21:50', '@pt @niraj Agreed. Less so for $NFLX. Core business/product = selling units for cash is very different than hoping‰Û_ https://t.co/Z3avTZEE0d')
('2017-04-15 21:18:38'," ""$nflx everyone and their mother is leaning long .. I think it's ready to fill the gap at 135"")"
('2017-04-15 21:16:26', 'RT @IBDinvestors: Big Week For Dow Stock Earnings; Netflix Too: Investing Action Plan https://t.co/DHYHljdhTK $NFLX $VZ $GS $GE $IBM $JNJ $‰Û_')
('2017-04-15 21:14:37', 'IBDinvestors: Big Week For Dow Stock Earnings; Netflix Too: Investing Action Plan https://t.co/EXL6kjuVCF $NFLX $‰Û_ https://t.co/uGDg84zjN3')
('2017-04-15 21:12:56', 'Big Week For Dow Stock Earnings; Netflix Too: Investing Action Plan https://t.co/DHYHljdhTK $NFLX $VZ $GS $GE $IBM‰Û_ https://t.co/ohnMn2EsEO')
('2017-04-15 21:07:06', '$DIS $NFLX:\n\nDisney Studios Continues Its Box Office Domination:\n\nhttps://t.co/I2ipwcbqSJ')
('2017-04-15 21:05:09', 'US #Earnings To Watch Monday After Close Apr 17 2017 $BRO $NFLX $CE $PNFP $UAL $CUDA #netflix #united $SPX $QQQ https://t.co/TkPnjIUhew')
('2017-04-15 21:04:56', 'FREE DAILY OPTION TRADE. Sign up for our DAILY FREE TRADE at https://t.co/78FVQDKYyw \n\n$LULU $UAL $WFM $NFLX $BABA $AMZN $GOOGL $X $BAC $JPM')
('2017-04-15 21:03:47', '#earnings $BAC $NFLX $GS $UNH $JNJ $IBM $GE $QCOM $VZ $SCHW $MS $CUDA $BX $PGR $V... https://t.co/kZMdG6a9SZ by‰Û_ https://t.co/EQgeehQVhx')
('2017-04-15 20:59:38', 'RT @eWhispers: #earnings $BAC $NFLX $GS $UNH $JNJ $IBM $GE $QCOM $VZ $SCHW $MS $CUDA $BX $PGR $V $MTB $HOG $ABT $UAL $CMA $RF $USB  https:/‰Û_')
('2017-04-15 20:57:09', 'Closed below 50 DMA and # of days prev above: $NFLX 137 $XLY 105 $XLK 87 $WFT 49 $ING 29')
('2017-04-15 20:55:00', 'RT @eWhispers: #earnings $BAC $NFLX $GS $UNH $JNJ $IBM $GE $QCOM $VZ $SCHW $MS $CUDA $BX $PGR $V $MTB $HOG $ABT $UAL $CMA $RF $USB  https:/‰Û_')
('2017-04-15 20:54:50', 'RT @eWhispers: #earnings $BAC $NFLX $GS $UNH $JNJ $IBM $GE $QCOM $VZ $SCHW $MS $CUDA $BX $PGR $V $MTB $HOG $ABT $UAL $CMA $RF $USB  https:/‰Û_')
('2017-04-15 20:54:18', 'RT @eWhispers: #earnings $BAC $NFLX $GS $UNH $JNJ $IBM $GE $QCOM $VZ $SCHW $MS $CUDA $BX $PGR $V $MTB $HOG $ABT $UAL $CMA $RF $USB  https:/‰Û_')
('2017-04-15 20:51:44', 'RT @eWhispers: #earnings $BAC $NFLX $GS $UNH $JNJ $IBM $GE $QCOM $VZ $SCHW $MS $CUDA $BX $PGR $V $MTB $HOG $ABT $UAL $CMA $RF $USB  https:/‰Û_')
('2017-04-15 20:49:22', 'RT @eWhispers: #earnings $BAC $NFLX $GS $UNH $JNJ $IBM $GE $QCOM $VZ $SCHW $MS $CUDA $BX $PGR $V $MTB $HOG $ABT $UAL $CMA $RF $USB  https:/‰Û_')
('2017-04-15 20:24:47', 'RT @ExactOptionPick: FREE DAILY OPTION TRADE. Sign up for our DAILY FREE TRADE at https://t.co/78FVQDKYyw \n\n$LULU $UAL $WFM $NFLX $BABA $AM‰Û_')
('2017-04-15 20:24:47', 'RT @ExactOptionPick: FREE DAILY OPTION TRADE. Sign up for our DAILY FREE TRADE at https://t.co/78FVQDKYyw \n\n$LULU $UAL $WFM $NFLX $BABA $AM‰Û_')
('2017-04-15 20:24:37', 'FREE DAILY OPTION TRADE. Sign up for our DAILY FREE TRADE at https://t.co/78FVQDKYyw \n\n$LULU $UAL $WFM $NFLX $BABA $AMZN $GOOGL $C $BAC $JPM')
('2017-04-15 20:06:39', 'RT @Investing_Books: So You Want to Start a Hedge Fund: Lessons for Managers and Allocators: https://t.co/hWSq4aqxRw $SPY $AAPL $TSLA $NFLX')
('2017-04-15 19:42:26'," 'RT @420WeedStreet: $SPY ""NO MERCY!! $SPX $QQQ $IWM $GS $CMG $BAC $AAPL $BABA $C $JPM $NFLX  $BIDU $SNAP $FB $DJI $DJIA $USO $VIX $UVXY @POT‰Û_')"
('2017-04-15 19:38:24'," '$SPY ""NO MERCY!! $SPX $QQQ $IWM $GS $CMG $BAC $AAPL $BABA $C $JPM $NFLX  $BIDU $SNAP $FB $DJI $DJIA $USO $VIX $UVXY‰Û_ https://t.co/ehpxyaSarH')"
('2017-04-15 19:33:55', 'So You Want to Start a Hedge Fund: Lessons for Managers and Allocators: https://t.co/hWSq4aqxRw $SPY $AAPL $TSLA $NFLX')
('2017-04-15 19:30:20', 'RT @420WeedStreet: $SPY @POTUS $SPX $QQQ $IWM $GS $CMG $BAC $AAPL $BABA $C $JPM $NFLX  $BIDU $SNAP $FB $DJI $DJIA $USO $VIX $UVXY LOL..Yeah‰Û_')
('2017-04-15 19:28:16', '$SPY @POTUS $SPX $QQQ $IWM $GS $CMG $BAC $AAPL $BABA $C $JPM $NFLX  $BIDU $SNAP $FB $DJI $DJIA $USO $VIX $UVXY LOL.‰Û_ https://t.co/sGxRyIYJyb')
('2017-04-15 19:23:33', 'RT @eWhispers: #earnings $BAC $NFLX $GS $UNH $JNJ $IBM $GE $QCOM $VZ $SCHW $MS $CUDA $BX $PGR $V $MTB $HOG $ABT $UAL $CMA $RF $USB  https:/‰Û_')
('2017-04-15 19:20:11', 'LONG #Stocks #Options #Trading Idea on $NFLX  ahead of #Earnings 17 Apr - HERE on our #mtbanalysis Mag &gt;‰Û_ https://t.co/ZCji2TVMam')
('2017-04-15 19:15:33', 'RT @eWhispers: #earnings $BAC $NFLX $GS $UNH $JNJ $IBM $GE $QCOM $VZ $SCHW $MS $CUDA $BX $PGR $V $MTB $HOG $ABT $UAL $CMA $RF $USB  https:/‰Û_')
('2017-04-15 19:05:23', 'RT @eWhispers: #earnings $BAC $NFLX $GS $UNH $JNJ $IBM $GE $QCOM $VZ $SCHW $MS $CUDA $BX $PGR $V $MTB $HOG $ABT $UAL $CMA $RF $USB  https:/‰Û_')
('2017-04-15 18:55:20', 'Commented on StockTwits: $NFLX could really go either way https://t.co/5pMcmGO4TH')
('2017-04-15 18:54:07', 'RT @eWhispers: #earnings $BAC $NFLX $GS $UNH $JNJ $IBM $GE $QCOM $VZ $SCHW $MS $CUDA $BX $PGR $V $MTB $HOG $ABT $UAL $CMA $RF $USB  https:/‰Û_')
('2017-04-15 18:53:19', 'RT @eWhispers: #earnings $BAC $NFLX $GS $UNH $JNJ $IBM $GE $QCOM $VZ $SCHW $MS $CUDA $BX $PGR $V $MTB $HOG $ABT $UAL $CMA $RF $USB  https:/‰Û_')
('2017-04-15 18:49:01'," ""It's a big month for Netflix Verizon and Chipotle.  https://t.co/Pk03CLz8vF $NFLX $VZ $CMG"")"
('2017-04-15 18:45:12', 'RT @eWhispers: #earnings $BAC $NFLX $GS $UNH $JNJ $IBM $GE $QCOM $VZ $SCHW $MS $CUDA $BX $PGR $V $MTB $HOG $ABT $UAL $CMA $RF $USB  https:/‰Û_')
('2017-04-15 18:44:51', '$NFLX has been range bound this earnings report should get it moving')
('2017-04-15 18:29:44', 'RT @Sassy_SPY: This weeks Open Interest Analysis &amp; Strategies $AAPL $AMZN $BIDU $FB $GOOGL $GS $NFLX $TSLA premium post https://t.co/l7o4cV‰Û_')
('2017-04-15 18:27:16', 'RT @eWhispers: #earnings $BAC $NFLX $GS $UNH $JNJ $IBM $GE $QCOM $VZ $SCHW $MS $CUDA $BX $PGR $V $MTB $HOG $ABT $UAL $CMA $RF $USB  https:/‰Û_')
('2017-04-15 18:24:41', 'This weeks Open Interest Analysis &amp; Strategies $AAPL $AMZN $BIDU $FB $GOOGL $GS $NFLX $TSLA premium post https://t.co/l7o4cVGj0x $SPY $SPX')
('2017-04-15 18:22:17'," ""The World's 3 Most Unshortable Stocks | $AAPL $GOOG $GOOGL $FB $AMZN $CI $ANTM $HUM $UNH $AET $NFLX $MSFT $YHOO | https://t.co/fObyq2A9rl"")"
('2017-04-15 18:14:55', 'Don‰Ûªt miss our next FREE OPTION TRADE.  Sign up for our Daily Free Trades at https://t.co/78FVQDKYyw\n\n$NVDA $TSLA $GS $NFLX $BAC $GOOGL $FB')
('2017-04-15 18:09:49', 'RT @eWhispers: #earnings $BAC $NFLX $GS $UNH $JNJ $IBM $GE $QCOM $VZ $SCHW $MS $CUDA $BX $PGR $V $MTB $HOG $ABT $UAL $CMA $RF $USB  https:/‰Û_')
('2017-04-15 18:08:30', 'Rampant Pay Gap Or Fake News? | $NFLX $TWTR $YHOO $QQQ $DDD $QCOM $BBRY $NVDA $HPQ $HPE $GPRO $GOOG $AAPL | https://t.co/HuOjixp5pa')
('2017-04-15 17:45:32', 'RT @investingbuddy: $NFLX #Nasdaq #Stocks #Options #Trading Idea &gt; Analysis #Charts &amp; Setup Ahead of @netflix #Earnings 17 Apr &gt;&gt; https://t‰Û_')
('2017-04-15 17:45:23', 'RT @pbrat40plus: $NFLX #Nasdaq #Stocks #Options #Trading Idea &gt; Analysis #Charts &amp; Setup Ahead of @netflix #Earnings 17 Apr &gt;&gt; https://t.co‰Û_')
('2017-04-15 17:21:33', 'RT @pbrat40plus: $NFLX #Nasdaq #Stocks #Options #Trading Idea &gt; Analysis #Charts &amp; Setup Ahead of @netflix #Earnings 17 Apr &gt;&gt; https://t.co‰Û_')
('2017-04-15 17:13:46', 'RT @Futures_Buddy: $NFLX #Nasdaq #Stocks #Options #Trading Idea &gt; Analysis #Charts &amp; Setup Ahead of @netflix #Earnings 17 Apr &gt;&gt; https://t.‰Û_')
('2017-04-15 17:13:42', 'RT @Options_Buddy: $NFLX #Nasdaq #Stocks #Options #Trading Idea &gt; Analysis #Charts &amp; Setup Ahead of @netflix #Earnings 17 Apr &gt;&gt; https://t.‰Û_')
('2017-04-15 17:13:38', 'RT @uk_stocktweets: $NFLX #Nasdaq #Stocks #Options #Trading Idea &gt; Analysis #Charts &amp; Setup Ahead of @netflix #Earnings 17 Apr &gt;&gt; https://t‰Û_')
('2017-04-15 17:13:35', 'RT @investingbuddy: $NFLX #Nasdaq #Stocks #Options #Trading Idea &gt; Analysis #Charts &amp; Setup Ahead of @netflix #Earnings 17 Apr &gt;&gt; https://t‰Û_')
('2017-04-15 17:13:32', 'RT @StocksSocial1: $NFLX #Nasdaq #Stocks #Options #Trading Idea &gt; Analysis #Charts &amp; Setup Ahead of @netflix #Earnings 17 Apr &gt;&gt; https://t.‰Û_')
('2017-04-15 17:13:30', 'RT @pbrat40plus: $NFLX #Nasdaq #Stocks #Options #Trading Idea &gt; Analysis #Charts &amp; Setup Ahead of @netflix #Earnings 17 Apr &gt;&gt; https://t.co‰Û_')
('2017-04-15 17:10:09', '$NFLX #Nasdaq #Stocks #Options #Trading Idea &gt; Analysis #Charts &amp; Setup Ahead of @netflix #Earnings 17 Apr &gt;&gt;‰Û_ https://t.co/aWTdnDpJxM')
('2017-04-15 17:10:08', '$NFLX #Nasdaq #Stocks #Options #Trading Idea &gt; Analysis #Charts &amp; Setup Ahead of @netflix #Earnings 17 Apr &gt;&gt;‰Û_ https://t.co/yqHqk5ECEg')
('2017-04-15 17:10:08', '$NFLX #Nasdaq #Stocks #Options #Trading Idea &gt; Analysis #Charts &amp; Setup Ahead of @netflix #Earnings 17 Apr &gt;&gt;‰Û_ https://t.co/elB8x9Cd5m')
('2017-04-15 17:10:08', '$NFLX #Nasdaq #Stocks #Options #Trading Idea &gt; Analysis #Charts &amp; Setup Ahead of @netflix #Earnings 17 Apr &gt;&gt;‰Û_ https://t.co/lfIZvvsTFn')
('2017-04-15 17:10:08', '$NFLX #Nasdaq #Stocks #Options #Trading Idea &gt; Analysis #Charts &amp; Setup Ahead of @netflix #Earnings 17 Apr &gt;&gt;‰Û_ https://t.co/4HlRtwh7zU')
('2017-04-15 17:10:07', '$NFLX #Nasdaq #Stocks #Options #Trading Idea &gt; Analysis #Charts &amp; Setup Ahead of @netflix #Earnings 17 Apr &gt;&gt;‰Û_ https://t.co/SO8Bukx44c')
('2017-04-15 17:05:57'," 'RT @420WeedStreet: $SPY ""Crazy Fat #NorthKorean Kid"" $SPX $QQQ $IWM $GS $CMG $BAC $AAPL $BABA $C $JPM $NFLX  $BIDU $SNAP $FB $DJI $DJIA $US‰Û_')"
('2017-04-15 16:33:56', 'RT @bespokeinvest: Netflix $NFLX $IBM $GS $QCOM $V and $GE headline a big upcoming week for earnings reports: https://t.co/yZnNS3CwxC')
('2017-04-15 16:32:04', 'RT @eWhispers: #earnings $BAC $NFLX $GS $UNH $JNJ $IBM $GE $QCOM $VZ $SCHW $MS $CUDA $BX $PGR $V $MTB $HOG $ABT $UAL $CMA $RF $USB  https:/‰Û_')
('2017-04-15 16:27:52', 'RT @eWhispers: #earnings $BAC $NFLX $GS $UNH $JNJ $IBM $GE $QCOM $VZ $SCHW $MS $CUDA $BX $PGR $V $MTB $HOG $ABT $UAL $CMA $RF $USB  https:/‰Û_')
('2017-04-15 16:22:59', 'RT @eWhispers: #earnings $BAC $NFLX $GS $UNH $JNJ $IBM $GE $QCOM $VZ $SCHW $MS $CUDA $BX $PGR $V $MTB $HOG $ABT $UAL $CMA $RF $USB  https:/‰Û_')
('2017-04-15 16:12:33'," 'RT @420WeedStreet: $SPY ""Crazy Fat #NorthKorean Kid"" $SPX $QQQ $IWM $GS $CMG $BAC $AAPL $BABA $C $JPM $NFLX  $BIDU $SNAP $FB $DJI $DJIA $US‰Û_')"
('2017-04-15 16:10:39', 'Earnings next week:\n4/17: $NFLX $UAL\n4/18: $BAC $GS $IBM $JNJ $LRCX $YHOO\n4/19: $AXP $EBAY $MS $QCOM $URI\n4/20: $BK $PM $V $VZ\n4/21: $GE')
('2017-04-15 16:09:18'," '$SPY ""Crazy Fat #NorthKorean Kid"" $SPX $QQQ $IWM $GS $CMG $BAC $AAPL $BABA $C $JPM $NFLX  $BIDU $SNAP $FB $DJI‰Û_ https://t.co/j0AkJp0QyK')"
('2017-04-15 16:05:54', 'RT @bespokeinvest: Netflix $NFLX $IBM $GS $QCOM $V and $GE headline a big upcoming week for earnings reports: https://t.co/yZnNS3CwxC')
('2017-04-15 16:04:16', 'RT @eWhispers: #earnings $BAC $NFLX $GS $UNH $JNJ $IBM $GE $QCOM $VZ $SCHW $MS $CUDA $BX $PGR $V $MTB $HOG $ABT $UAL $CMA $RF $USB  https:/‰Û_')
('2017-04-15 16:03:26', 'RT @eWhispers: #earnings $BAC $NFLX $GS $UNH $JNJ $IBM $GE $QCOM $VZ $SCHW $MS $CUDA $BX $PGR $V $MTB $HOG $ABT $UAL $CMA $RF $USB  https:/‰Û_')